configuration_id,task_id,recorded_status,retained_outcome,evidence_basis,attempt_scope,review_rounds,solved_on_sample,recorded_elapsed_seconds,recorded_proof_sha256,artifact_sha256,artifact_hash_check
claude_opus_xhigh,4,solved,accepted,result,retained_run,,1,,,e3b0c44298fc1c149afbf4c8996fb92427ae41e4649b934ca495991b7852b855,unrecorded
claude_opus_xhigh,5,solved,accepted,result,retained_run,,1,,,e3b0c44298fc1c149afbf4c8996fb92427ae41e4649b934ca495991b7852b855,unrecorded
claude_opus_xhigh,14,solved,accepted,result,retained_run,,1,,,e3b0c44298fc1c149afbf4c8996fb92427ae41e4649b934ca495991b7852b855,unrecorded
claude_opus_xhigh,15,solved,accepted,result,retained_run,,1,,,e3b0c44298fc1c149afbf4c8996fb92427ae41e4649b934ca495991b7852b855,unrecorded
claude_opus_xhigh,29,solved,accepted,result,retained_run,,1,,,e3b0c44298fc1c149afbf4c8996fb92427ae41e4649b934ca495991b7852b855,unrecorded
claude_opus_xhigh,121,solved,accepted,result,retained_run,,1,,,e3b0c44298fc1c149afbf4c8996fb92427ae41e4649b934ca495991b7852b855,unrecorded
claude_opus_xhigh,122,solved,accepted,result,retained_run,,1,,,e3b0c44298fc1c149afbf4c8996fb92427ae41e4649b934ca495991b7852b855,unrecorded
claude_opus_xhigh,123,solved,accepted,result,retained_run,,1,,,e3b0c44298fc1c149afbf4c8996fb92427ae41e4649b934ca495991b7852b855,unrecorded
claude_opus_xhigh,124,solved,accepted,result,retained_run,,1,,,e3b0c44298fc1c149afbf4c8996fb92427ae41e4649b934ca495991b7852b855,unrecorded
claude_opus_xhigh,125,solved,accepted,result,retained_run,,1,,,e3b0c44298fc1c149afbf4c8996fb92427ae41e4649b934ca495991b7852b855,unrecorded
claude_opus_xhigh,126,solved,accepted,result,retained_run,,1,,,e3b0c44298fc1c149afbf4c8996fb92427ae41e4649b934ca495991b7852b855,unrecorded
claude_opus_xhigh,127,solved,accepted,result,retained_run,,1,,,e3b0c44298fc1c149afbf4c8996fb92427ae41e4649b934ca495991b7852b855,unrecorded
claude_opus_xhigh,128,solved,accepted,result,retained_run,,1,,,e3b0c44298fc1c149afbf4c8996fb92427ae41e4649b934ca495991b7852b855,unrecorded
claude_opus_xhigh,129,solved,accepted,result,retained_run,,1,,,e3b0c44298fc1c149afbf4c8996fb92427ae41e4649b934ca495991b7852b855,unrecorded
claude_opus_xhigh,131,solved,accepted,result,retained_run,,1,,,e3b0c44298fc1c149afbf4c8996fb92427ae41e4649b934ca495991b7852b855,unrecorded
claude_opus_xhigh,132,solved,accepted,result,retained_run,,1,,,e3b0c44298fc1c149afbf4c8996fb92427ae41e4649b934ca495991b7852b855,unrecorded
claude_opus_xhigh,133,solved,accepted,result,retained_run,,1,,,e3b0c44298fc1c149afbf4c8996fb92427ae41e4649b934ca495991b7852b855,unrecorded
claude_opus_xhigh,134,solved,accepted,result,retained_run,,1,,,e3b0c44298fc1c149afbf4c8996fb92427ae41e4649b934ca495991b7852b855,unrecorded
claude_opus_xhigh,135,solved,accepted,result,retained_run,,1,,,e3b0c44298fc1c149afbf4c8996fb92427ae41e4649b934ca495991b7852b855,unrecorded
claude_opus_xhigh,136,solved,accepted,result,retained_run,,1,,,e3b0c44298fc1c149afbf4c8996fb92427ae41e4649b934ca495991b7852b855,unrecorded
claude_opus_xhigh,137,solved,accepted,result,retained_run,,1,,,e3b0c44298fc1c149afbf4c8996fb92427ae41e4649b934ca495991b7852b855,unrecorded
claude_opus_xhigh,138,solved,accepted,result,retained_run,,1,,,e3b0c44298fc1c149afbf4c8996fb92427ae41e4649b934ca495991b7852b855,unrecorded
claude_opus_xhigh,139,solved,accepted,result,retained_run,,1,,,e3b0c44298fc1c149afbf4c8996fb92427ae41e4649b934ca495991b7852b855,unrecorded
claude_opus_xhigh,140,solved,accepted,result,retained_run,,1,,,e3b0c44298fc1c149afbf4c8996fb92427ae41e4649b934ca495991b7852b855,unrecorded
claude_opus_xhigh,141,solved,accepted,result,retained_run,,1,,,e3b0c44298fc1c149afbf4c8996fb92427ae41e4649b934ca495991b7852b855,unrecorded
claude_opus_xhigh,142,solved,accepted,result,retained_run,,1,,,e3b0c44298fc1c149afbf4c8996fb92427ae41e4649b934ca495991b7852b855,unrecorded
claude_opus_xhigh,143,solved,accepted,result,retained_run,,1,,,e3b0c44298fc1c149afbf4c8996fb92427ae41e4649b934ca495991b7852b855,unrecorded
claude_opus_xhigh,144,solved,accepted,result,retained_run,,1,,,e3b0c44298fc1c149afbf4c8996fb92427ae41e4649b934ca495991b7852b855,unrecorded
claude_opus_xhigh,145,solved,accepted,result,retained_run,,1,,,e3b0c44298fc1c149afbf4c8996fb92427ae41e4649b934ca495991b7852b855,unrecorded
claude_opus_xhigh,146,solved,accepted,result,retained_run,,1,,,e3b0c44298fc1c149afbf4c8996fb92427ae41e4649b934ca495991b7852b855,unrecorded
claude_opus_xhigh,147,solved,accepted,result,retained_run,,1,,,e3b0c44298fc1c149afbf4c8996fb92427ae41e4649b934ca495991b7852b855,unrecorded
claude_opus_xhigh,148,solved,accepted,result,retained_run,,1,,,e3b0c44298fc1c149afbf4c8996fb92427ae41e4649b934ca495991b7852b855,unrecorded
claude_opus_xhigh,149,solved,accepted,result,retained_run,,1,,,e3b0c44298fc1c149afbf4c8996fb92427ae41e4649b934ca495991b7852b855,unrecorded
claude_opus_xhigh,150,solved,accepted,result,retained_run,,1,,,e3b0c44298fc1c149afbf4c8996fb92427ae41e4649b934ca495991b7852b855,unrecorded
claude_opus_xhigh,152,solved,accepted,result,retained_run,,1,,,e3b0c44298fc1c149afbf4c8996fb92427ae41e4649b934ca495991b7852b855,unrecorded
claude_opus_xhigh,153,solved,accepted,result,retained_run,,1,,,e3b0c44298fc1c149afbf4c8996fb92427ae41e4649b934ca495991b7852b855,unrecorded
claude_opus_xhigh,154,solved,accepted,result,retained_run,,1,,,e3b0c44298fc1c149afbf4c8996fb92427ae41e4649b934ca495991b7852b855,unrecorded
claude_opus_xhigh,155,solved,accepted,result,retained_run,,1,,,e3b0c44298fc1c149afbf4c8996fb92427ae41e4649b934ca495991b7852b855,unrecorded
claude_opus_xhigh,156,solved,accepted,result,retained_run,,1,,,e3b0c44298fc1c149afbf4c8996fb92427ae41e4649b934ca495991b7852b855,unrecorded
claude_opus_xhigh,157,solved,accepted,result,retained_run,,1,,,e3b0c44298fc1c149afbf4c8996fb92427ae41e4649b934ca495991b7852b855,unrecorded
claude_opus_xhigh,158,solved,accepted,result,retained_run,,1,,,e3b0c44298fc1c149afbf4c8996fb92427ae41e4649b934ca495991b7852b855,unrecorded
claude_opus_xhigh,159,solved,accepted,result,retained_run,,1,,,e3b0c44298fc1c149afbf4c8996fb92427ae41e4649b934ca495991b7852b855,unrecorded
claude_opus_xhigh,160,solved,accepted,result,retained_run,,1,,,e3b0c44298fc1c149afbf4c8996fb92427ae41e4649b934ca495991b7852b855,unrecorded
claude_opus_xhigh,161,solved,accepted,result,retained_run,,1,,,e3b0c44298fc1c149afbf4c8996fb92427ae41e4649b934ca495991b7852b855,unrecorded
claude_opus_xhigh,163,solved,accepted,result,retained_run,,1,,,e3b0c44298fc1c149afbf4c8996fb92427ae41e4649b934ca495991b7852b855,unrecorded
claude_opus_xhigh,164,solved,accepted,result,retained_run,,1,,,e3b0c44298fc1c149afbf4c8996fb92427ae41e4649b934ca495991b7852b855,unrecorded
claude_opus_xhigh,165,solved,accepted,result,retained_run,,1,,,e3b0c44298fc1c149afbf4c8996fb92427ae41e4649b934ca495991b7852b855,unrecorded
claude_opus_xhigh,168,solved,accepted,result,retained_run,,1,,,e3b0c44298fc1c149afbf4c8996fb92427ae41e4649b934ca495991b7852b855,unrecorded
claude_opus_xhigh,169,solved,accepted,result,retained_run,,1,,,e3b0c44298fc1c149afbf4c8996fb92427ae41e4649b934ca495991b7852b855,unrecorded
claude_opus_xhigh,171,solved,accepted,result,retained_run,,1,,,e3b0c44298fc1c149afbf4c8996fb92427ae41e4649b934ca495991b7852b855,unrecorded
claude_opus_xhigh,176,solved,accepted,result,retained_run,,1,,,e3b0c44298fc1c149afbf4c8996fb92427ae41e4649b934ca495991b7852b855,unrecorded
claude_opus_xhigh,178,solved,accepted,result,retained_run,,1,,,e3b0c44298fc1c149afbf4c8996fb92427ae41e4649b934ca495991b7852b855,unrecorded
claude_opus_xhigh,194,solved,accepted,result,retained_run,,1,,,e3b0c44298fc1c149afbf4c8996fb92427ae41e4649b934ca495991b7852b855,unrecorded
claude_opus_xhigh,222,solved,accepted,result,retained_run,,1,,,e3b0c44298fc1c149afbf4c8996fb92427ae41e4649b934ca495991b7852b855,unrecorded
claude_opus_xhigh,245,solved,accepted,result,retained_run,,1,,,e3b0c44298fc1c149afbf4c8996fb92427ae41e4649b934ca495991b7852b855,unrecorded
claude_opus_xhigh,246,solved,accepted,result,retained_run,,1,,,e3b0c44298fc1c149afbf4c8996fb92427ae41e4649b934ca495991b7852b855,unrecorded
claude_opus_xhigh,247,solved,accepted,result,retained_run,,1,,,e3b0c44298fc1c149afbf4c8996fb92427ae41e4649b934ca495991b7852b855,unrecorded
claude_opus_xhigh,249,solved,accepted,result,retained_run,,1,,,e3b0c44298fc1c149afbf4c8996fb92427ae41e4649b934ca495991b7852b855,unrecorded
claude_opus_xhigh,250,solved,accepted,result,retained_run,,1,,,e3b0c44298fc1c149afbf4c8996fb92427ae41e4649b934ca495991b7852b855,unrecorded
claude_opus_xhigh,265,solved,accepted,result,retained_run,,1,,,e3b0c44298fc1c149afbf4c8996fb92427ae41e4649b934ca495991b7852b855,unrecorded
claude_opus_xhigh,266,solved,accepted,result,retained_run,,1,,,e3b0c44298fc1c149afbf4c8996fb92427ae41e4649b934ca495991b7852b855,unrecorded
claude_opus_xhigh,268,solved,accepted,result,retained_run,,1,,,e3b0c44298fc1c149afbf4c8996fb92427ae41e4649b934ca495991b7852b855,unrecorded
claude_opus_xhigh,271,solved,accepted,result,retained_run,,1,,,e3b0c44298fc1c149afbf4c8996fb92427ae41e4649b934ca495991b7852b855,unrecorded
claude_opus_xhigh,272,solved,accepted,result,retained_run,,1,,,e3b0c44298fc1c149afbf4c8996fb92427ae41e4649b934ca495991b7852b855,unrecorded
claude_opus_xhigh,273,solved,accepted,result,retained_run,,1,,,e3b0c44298fc1c149afbf4c8996fb92427ae41e4649b934ca495991b7852b855,unrecorded
claude_opus_xhigh,274,solved,accepted,result,retained_run,,1,,,e3b0c44298fc1c149afbf4c8996fb92427ae41e4649b934ca495991b7852b855,unrecorded
claude_opus_xhigh,275,solved,accepted,result,retained_run,,1,,,e3b0c44298fc1c149afbf4c8996fb92427ae41e4649b934ca495991b7852b855,unrecorded
claude_opus_xhigh,277,solved,accepted,result,retained_run,,1,,,e3b0c44298fc1c149afbf4c8996fb92427ae41e4649b934ca495991b7852b855,unrecorded
claude_opus_xhigh,281,solved,accepted,result,retained_run,,1,,,e3b0c44298fc1c149afbf4c8996fb92427ae41e4649b934ca495991b7852b855,unrecorded
claude_opus_xhigh,356,solved,accepted,result,retained_run,,1,,,e3b0c44298fc1c149afbf4c8996fb92427ae41e4649b934ca495991b7852b855,unrecorded
claude_opus_xhigh,357,solved,accepted,result,retained_run,,1,,,e3b0c44298fc1c149afbf4c8996fb92427ae41e4649b934ca495991b7852b855,unrecorded
claude_opus_xhigh,359,solved,accepted,result,retained_run,,1,,,e3b0c44298fc1c149afbf4c8996fb92427ae41e4649b934ca495991b7852b855,unrecorded
claude_opus_xhigh,361,solved,accepted,result,retained_run,,1,,,e3b0c44298fc1c149afbf4c8996fb92427ae41e4649b934ca495991b7852b855,unrecorded
claude_opus_xhigh,378,solved,accepted,result,retained_run,,1,,,e3b0c44298fc1c149afbf4c8996fb92427ae41e4649b934ca495991b7852b855,unrecorded
claude_opus_xhigh,381,solved,accepted,result,retained_run,,1,,,e3b0c44298fc1c149afbf4c8996fb92427ae41e4649b934ca495991b7852b855,unrecorded
claude_opus_xhigh,392,solved,accepted,result,retained_run,,1,,,e3b0c44298fc1c149afbf4c8996fb92427ae41e4649b934ca495991b7852b855,unrecorded
claude_opus_xhigh,396,solved,accepted,result,retained_run,,1,,,e3b0c44298fc1c149afbf4c8996fb92427ae41e4649b934ca495991b7852b855,unrecorded
claude_opus_xhigh,444,solved,accepted,result,retained_run,,1,,,e3b0c44298fc1c149afbf4c8996fb92427ae41e4649b934ca495991b7852b855,unrecorded
claude_opus_xhigh,445,solved,accepted,result,retained_run,,1,,,e3b0c44298fc1c149afbf4c8996fb92427ae41e4649b934ca495991b7852b855,unrecorded
claude_opus_xhigh,446,solved,accepted,result,retained_run,,1,,,e3b0c44298fc1c149afbf4c8996fb92427ae41e4649b934ca495991b7852b855,unrecorded
claude_opus_xhigh,447,solved,accepted,result,retained_run,,1,,,e3b0c44298fc1c149afbf4c8996fb92427ae41e4649b934ca495991b7852b855,unrecorded
claude_opus_xhigh,450,solved,accepted,result,retained_run,,1,,,e3b0c44298fc1c149afbf4c8996fb92427ae41e4649b934ca495991b7852b855,unrecorded
claude_opus_xhigh,451,solved,accepted,result,retained_run,,1,,,e3b0c44298fc1c149afbf4c8996fb92427ae41e4649b934ca495991b7852b855,unrecorded
claude_opus_xhigh,452,solved,accepted,result,retained_run,,1,,,e3b0c44298fc1c149afbf4c8996fb92427ae41e4649b934ca495991b7852b855,unrecorded
claude_opus_xhigh,453,solved,accepted,result,retained_run,,1,,,e3b0c44298fc1c149afbf4c8996fb92427ae41e4649b934ca495991b7852b855,unrecorded
claude_opus_xhigh,454,solved,accepted,result,retained_run,,1,,,e3b0c44298fc1c149afbf4c8996fb92427ae41e4649b934ca495991b7852b855,unrecorded
claude_opus_xhigh,455,solved,accepted,result,retained_run,,1,,,e3b0c44298fc1c149afbf4c8996fb92427ae41e4649b934ca495991b7852b855,unrecorded
claude_opus_xhigh,456,solved,accepted,result,retained_run,,1,,,e3b0c44298fc1c149afbf4c8996fb92427ae41e4649b934ca495991b7852b855,unrecorded
claude_opus_xhigh,457,solved,accepted,result,retained_run,,1,,,e3b0c44298fc1c149afbf4c8996fb92427ae41e4649b934ca495991b7852b855,unrecorded
claude_opus_xhigh,458,solved,accepted,result,retained_run,,1,,,e3b0c44298fc1c149afbf4c8996fb92427ae41e4649b934ca495991b7852b855,unrecorded
claude_opus_xhigh,459,solved,accepted,result,retained_run,,1,,,e3b0c44298fc1c149afbf4c8996fb92427ae41e4649b934ca495991b7852b855,unrecorded
claude_opus_xhigh,460,solved,accepted,result,retained_run,,1,,,e3b0c44298fc1c149afbf4c8996fb92427ae41e4649b934ca495991b7852b855,unrecorded
claude_opus_xhigh,462,solved,accepted,result,retained_run,,1,,,e3b0c44298fc1c149afbf4c8996fb92427ae41e4649b934ca495991b7852b855,unrecorded
claude_opus_xhigh,466,solved,accepted,result,retained_run,,1,,,e3b0c44298fc1c149afbf4c8996fb92427ae41e4649b934ca495991b7852b855,unrecorded
claude_opus_xhigh,467,solved,accepted,result,retained_run,,1,,,e3b0c44298fc1c149afbf4c8996fb92427ae41e4649b934ca495991b7852b855,unrecorded
claude_opus_xhigh,468,solved,accepted,result,retained_run,,1,,,e3b0c44298fc1c149afbf4c8996fb92427ae41e4649b934ca495991b7852b855,unrecorded
claude_opus_xhigh,469,solved,accepted,result,retained_run,,1,,,e3b0c44298fc1c149afbf4c8996fb92427ae41e4649b934ca495991b7852b855,unrecorded
claude_opus_xhigh,471,solved,accepted,result,retained_run,,1,,,e3b0c44298fc1c149afbf4c8996fb92427ae41e4649b934ca495991b7852b855,unrecorded
claude_opus_xhigh,472,solved,accepted,result,retained_run,,1,,,e3b0c44298fc1c149afbf4c8996fb92427ae41e4649b934ca495991b7852b855,unrecorded
claude_opus_xhigh,473,solved,accepted,result,retained_run,,1,,,e3b0c44298fc1c149afbf4c8996fb92427ae41e4649b934ca495991b7852b855,unrecorded
forall_opus_xhigh,4,solved,accepted,result,retained_run,,,102.6,,fb478c9540b0db1891f7bee49379018ff14543044f3c2d72f24943837808c572,unrecorded
forall_opus_xhigh,5,solved,accepted,result,retained_run,,,233.2,,78ae256cb602794a681ae5a5b68512be4804a85f15ebafef4fa6e19f3edfa5f6,unrecorded
forall_opus_xhigh,14,solved,accepted,result,retained_run,,,74.1,,9b9b6948d1facbf9cc033d5d478a7cd4e3f4765ea83478bc7d4d6a9ef5b86989,unrecorded
forall_opus_xhigh,15,solved,accepted,result,retained_run,,,143.4,,01384ef97976d6cb208673aec1343529ba4413ac0769f344cd32722e1d956c38,unrecorded
forall_opus_xhigh,29,solved,accepted,result,retained_run,,,133.5,,bf64a220f3b7e42845dd80169a834f250f253997c491dd57ff756b09f46a7967,unrecorded
forall_opus_xhigh,121,solved,accepted,result,retained_run,,,1109.6,,541dc1649d93bca4d1cdc26dc489e810fbcbd6e602c13e8299088921bf1dd09d,unrecorded
forall_opus_xhigh,122,solved,accepted,result,retained_run,,,717.3,,53f47d665796545474fc842eb2aad20f047014f56d42f7416e0186226c550381,unrecorded
forall_opus_xhigh,123,solved,accepted,result,retained_run,,,146.4,,b68710824b30ab5bf9a61394b48c0367ee06ba48c481610657ccb78fe8b24dca,unrecorded
forall_opus_xhigh,124,solved,accepted,result,retained_run,,,68.7,,e9197e86d4a1b37edc259ecad98ed52d5aa5220c6aea3664087e0d19918dc51b,unrecorded
forall_opus_xhigh,125,solved,accepted,result,retained_run,,,101.1,,eeb50ee819f19e249f2a01ae2bf93f3fdc22cb328bef48999c617c56a7998491,unrecorded
forall_opus_xhigh,126,solved,accepted,result,retained_run,,,186.2,,97123ecb4d1451aedc683f7485074f411d06e0c48dcbcf285d45c5c35739d724,unrecorded
forall_opus_xhigh,127,solved,accepted,result,retained_run,,,182.2,,26b356ce743676f7c69b7a1f8b696018f7c539f6bf9ff25778d46d6eb3d1a022,unrecorded
forall_opus_xhigh,128,solved,accepted,result,retained_run,,,348.6,,2808f665741f335af23a407ac2c4eebfd471bf0f6979850ce8ee3f9acb2ba1d1,unrecorded
forall_opus_xhigh,129,solved,accepted,result,retained_run,,,614.5,,ea2885629709f92a892a3d1fa4ddfbd2a069af4033cc131b7db4a2c94dcdd1c8,unrecorded
forall_opus_xhigh,131,solved,accepted,result,retained_run,,,46.0,,5199de956d1ce8d995d737d69de2c716e0f63031f9b0d5666e05786c010a8e00,unrecorded
forall_opus_xhigh,132,solved,accepted,result,retained_run,,,180.5,,4b5097ec39d2780f746c3a2e7bee0a15ad5638794cf872ae82de648a712d59e7,unrecorded
forall_opus_xhigh,133,solved,accepted,result,retained_run,,,236.9,,903430c8f3ee81a3885ebb762869b1f2e2622e6c5ff889b73bc74db6317f6616,unrecorded
forall_opus_xhigh,134,solved,accepted,result,retained_run,,,186.1,,88fe7bd9239c75baa808bb9944d0125fa6beafb638cb6087b203663f71042295,unrecorded
forall_opus_xhigh,135,solved,accepted,result,retained_run,,,152.8,,44089fa7d069f6329ef4925130d764d42cbe483eaffd0f949810e2b0c9180380,unrecorded
forall_opus_xhigh,136,solved,accepted,result,retained_run,,,91.4,,d8c202c6c278b56979dbe7567a79bed5c805529941059c32682163d99a726899,unrecorded
forall_opus_xhigh,137,solved,accepted,result,retained_run,,,58.5,,893faf483a3db84bec8fc2bcb82cf1aaaef88295704b06156852f04d332763f4,unrecorded
forall_opus_xhigh,138,solved,accepted,result,retained_run,,,91.1,,c263f1ca24be7fd8b2d8e6146b7602deffd3fbbb68d3a197cb2f7f7a1da3dbde,unrecorded
forall_opus_xhigh,139,solved,accepted,result,retained_run,,,323.1,,84d031433e32c09414ea7c1cb1ec09fc62ff3aa9d91d93735c5780f4317a6a0b,unrecorded
forall_opus_xhigh,140,solved,accepted,result,retained_run,,,236.4,,013d1bafab2d3938f6dc7ad0547b4cdf62cd84acd9f5adc5c98a3a7a27a2a5f4,unrecorded
forall_opus_xhigh,141,solved,accepted,result,retained_run,,,40.3,,94a682415a69e5a5a6180cbe8ceab6ad5dd9eeed96b63422b35ceeb264e15e51,unrecorded
forall_opus_xhigh,142,solved,accepted,result,retained_run,,,73.4,,f3fdc842b71d9c8dcf69417f92da8a98387e2d36164caae5349faedc36d6771e,unrecorded
forall_opus_xhigh,143,solved,accepted,result,retained_run,,,36.3,,ab144254af4acdfd89ade6394530999deb93679753e82446df4df8158bf11887,unrecorded
forall_opus_xhigh,144,solved,accepted,result,retained_run,,,61.5,,09250aedc865e75354c0fe5c67255d38e12b0973ada8a763d455a2e6b4787ed6,unrecorded
forall_opus_xhigh,145,solved,accepted,result,retained_run,,,510.6,,90953474e3f85987f076e277a8eba58fac9d5b22831f28e0b7f22b5d065c5783,unrecorded
forall_opus_xhigh,146,solved,accepted,result,retained_run,,,60.0,,0ab491d80ddf82d7b2918fb60cbbda851f58b2830b89e9f3285b282d09510b6b,unrecorded
forall_opus_xhigh,147,solved,accepted,result,retained_run,,,476.7,,b394b4bafd50bddeb75af2d7b3a1c11d4282f3d02663b8b35741c886f0a9748d,unrecorded
forall_opus_xhigh,148,solved,accepted,result,retained_run,,,40.6,,82bb9a1ae8f6008f83bfa3b34c1bbad7ad55dfba74a8452b50c0d252141c8816,unrecorded
forall_opus_xhigh,149,failed,not_accepted,result,retained_run,,,506.2,,de7230c7ae87355a174c3898e88ee894308ed39d08124de4aa4cfeb3b025508e,unrecorded
forall_opus_xhigh,150,solved,accepted,result,retained_run,,,152.4,,47c11383981f8d70377f92fae9fd848740094e730adcff490cb25f3a7834d93c,unrecorded
forall_opus_xhigh,152,solved,accepted,result,retained_run,,,348.9,,f10fdcfdce4fdb2e8b195468d7bcb3604983ea469392a408ea36ac09f0f630df,unrecorded
forall_opus_xhigh,153,solved,accepted,result,retained_run,,,730.0,,92baf8fb898bca537c9b5bc9fef87b3a21ee4c4c0fbbf5cb43549021cce5b3fc,unrecorded
forall_opus_xhigh,154,solved,accepted,result,retained_run,,,105.9,,06f9d8e8789118aca78cb513cba0331e9e979975987173d0019f914beda20150,unrecorded
forall_opus_xhigh,155,solved,accepted,result,retained_run,,,221.7,,284f188b2e9f13c46b2649d9791c3d3a203cc0b39c184e604fbaf6017d795636,unrecorded
forall_opus_xhigh,156,solved,accepted,result,retained_run,,,35.0,,273d4b44ed5b781520b2eeeb6791a62b94fcd6d31a3d9460503cfb91f8cb97b1,unrecorded
forall_opus_xhigh,157,solved,accepted,result,retained_run,,,250.7,,183c494c723391c4bb323fd6cb341bd7784c6529a08195064e9251d3a3c984f6,unrecorded
forall_opus_xhigh,158,solved,accepted,result,retained_run,,,88.3,,292c7ec795fad549c6feae129ecfdcc4619089898f61a051692ca1c2397a1bc6,unrecorded
forall_opus_xhigh,159,solved,accepted,result,retained_run,,,207.8,,223550abe56107d28c34b33fe4d755ca717bc400828306cb4290e7ea57924a67,unrecorded
forall_opus_xhigh,160,solved,accepted,result,retained_run,,,39.9,,041e90d69449ede23ec4c244be62ed05e6f5ab5c7f3dbe7a2d5b9ea81ae30e9c,unrecorded
forall_opus_xhigh,161,solved,accepted,result,retained_run,,,194.9,,c9cb63a83a8a726109994fb4a658378bc0d1557cade78646c9568959cf5ae13f,unrecorded
forall_opus_xhigh,163,solved,accepted,result,retained_run,,,139.6,,059d874b030a85fe003737a2514ae676341b9d10a7bbc8639903e2619b02109e,unrecorded
forall_opus_xhigh,164,solved,accepted,result,retained_run,,,182.5,,f3f1aab397280c578243ec5261d68931d9dd6948738891a2ff1e6357b75f332b,unrecorded
forall_opus_xhigh,165,solved,accepted,result,retained_run,,,157.1,,4ae21e784c721f7aedb2e78447c170a58dcc72b5043d354f1970f58c86994099,unrecorded
forall_opus_xhigh,168,solved,accepted,result,retained_run,,,95.3,,004ec40a0d891740482b79464ed6ebbe88d5d6a440757b37fb2cd46bba9963d5,unrecorded
forall_opus_xhigh,169,solved,accepted,result,retained_run,,,69.0,,61554cb4ade14288c911677424617a29b77af490ec57c0d4245dd751abe1b8ba,unrecorded
forall_opus_xhigh,171,solved,accepted,result,retained_run,,,65.9,,d424b01fe316e3749307c08735a0bf2f97063044aca73695fd6a60cde0b42c9e,unrecorded
forall_opus_xhigh,176,solved,accepted,result,retained_run,,,330.1,,0ea73272587a5bee013051bf2ea17cd8b09bc657bcdf1d1667c551c3f08fc1a3,unrecorded
forall_opus_xhigh,178,solved,accepted,result,retained_run,,,140.4,,cafc1ec429d348ec781fee11b04bfb5529c2f1edf032b5bb7c2ee37c75d1f09c,unrecorded
forall_opus_xhigh,194,solved,accepted,result,retained_run,,,455.1,,1e154ff79881080be4b1248b62d4db18259615985e2bbe277289a07cde6e4a00,unrecorded
forall_opus_xhigh,222,solved,accepted,result,retained_run,,,105.9,,11f234cd73673a403ec560e8542f3ba002542965eb349f2a6748abbafd2a17f0,unrecorded
forall_opus_xhigh,245,solved,accepted,result,retained_run,,,648.1,,dace32e98df0ddf709200a0397b16b47a9e1ba465f82e6ee18f5e3153dac2f67,unrecorded
forall_opus_xhigh,246,solved,accepted,result,retained_run,,,102.8,,c8421640fed580c7dee1c55f0cae4485041a21eba60420badf54962db474a83f,unrecorded
forall_opus_xhigh,247,solved,accepted,result,retained_run,,,125.1,,810f971a5e97fb3f894ff09c8045ab04cd540293f1e48d340d8b1d75116c299c,unrecorded
forall_opus_xhigh,249,solved,accepted,result,retained_run,,,180.3,,19ca502971518a7385f5e347c8b147b7e72f2dee47851bf3f881122546ad8d61,unrecorded
forall_opus_xhigh,250,solved,accepted,result,retained_run,,,36.2,,907940d8286b0adb5b8ea475ac365b46a61f6f4d5a54bc70779492bc7ada188c,unrecorded
forall_opus_xhigh,265,solved,accepted,result,retained_run,,,230.4,,1797bf6a37378bde67ca9478e30ab539f8416df053a1279286bbe09ebb2be6ef,unrecorded
forall_opus_xhigh,266,solved,accepted,result,retained_run,,,244.5,,c40a7af5ccfb2dfc4e99014cef6fae5a368edb9fba68258571377ec06387a857,unrecorded
forall_opus_xhigh,268,solved,accepted,result,retained_run,,,100.5,,c324a7baa115fccbecd5247a66f36e8c0d9e09c3cbbd630d3c4b9795e1f88ca2,unrecorded
forall_opus_xhigh,271,solved,accepted,result,retained_run,,,62.3,,851310dc17c6798095ef56aeb0125e174f2d8196e207eab77833d08050d08aef,unrecorded
forall_opus_xhigh,272,solved,accepted,result,retained_run,,,894.3,,b9e39f87df5207de8f9a0cac89b8d656b0fd64f981fdfe8a4594fa21b50113ae,unrecorded
forall_opus_xhigh,273,solved,accepted,result,retained_run,,,153.0,,8af38d614e45d4f3a1c55ec6ff1696968635d1dfc9d86984ce148379edc8cdb0,unrecorded
forall_opus_xhigh,274,solved,accepted,result,retained_run,,,89.0,,0a3e80c8512511766ecc5dd837cf639b66875cf625be770526fa6fee2698a8b8,unrecorded
forall_opus_xhigh,275,solved,accepted,result,retained_run,,,99.0,,31a7c4f612fa16957fe60765e08fbc1df29b3f8b932b4e62e40bd7fd22a42080,unrecorded
forall_opus_xhigh,277,solved,accepted,result,retained_run,,,497.4,,bf00136bdf6c3fdecfa6c57521fd2f3b0d6a83e2d293118eb4950886fcd4ebc9,unrecorded
forall_opus_xhigh,281,solved,accepted,result,retained_run,,,97.0,,845a6df737118c4c2cdd998026bb886df830fa6311392aa49a80c71c66709790,unrecorded
forall_opus_xhigh,356,solved,accepted,result,retained_run,,,847.5,,cf254a081a5d31522eb37b3ebd0873eb953466f0da3d7ca07157723931244f2b,unrecorded
forall_opus_xhigh,357,solved,accepted,result,retained_run,,,499.8,,dc3ae4c9fd34c5185626acbeed3ad72d7a66a514017a60b36cb5654a523b1666,unrecorded
forall_opus_xhigh,359,solved,accepted,result,retained_run,,,332.3,,c2e16abc90dc620315ab8d20399d9d4d9a3c5dc131004db8f4cb2e536d416c34,unrecorded
forall_opus_xhigh,361,solved,accepted,result,retained_run,,,404.0,,27623e1c5d0e0495b833a3dd373f6cf4f800b6f34c16f3a9ebe905d80b0273ba,unrecorded
forall_opus_xhigh,378,solved,accepted,result,retained_run,,,196.0,,e6d9ae465ab9611297b81cdbd76112b9176bca34ec3a9b1cc10ac399a4fb8943,unrecorded
forall_opus_xhigh,381,solved,accepted,result,retained_run,,,125.7,,a57f48d2095664ba2cc7f6a97bdd9a8b0ba0dab31697ff5c25c7515bbe570d47,unrecorded
forall_opus_xhigh,392,solved,accepted,result,retained_run,,,48.9,,5d0494a8893c212191f5b2eaaedae4646556de01a008effd2e77419d261d3189,unrecorded
forall_opus_xhigh,396,solved,accepted,result,retained_run,,,44.7,,9d054e90935a30330e1be4adb8652e362a53bb99ca2841f10e95eaf47593591b,unrecorded
forall_opus_xhigh,444,solved,accepted,result,retained_run,,,201.2,,cf5af81a95161d931119be04db07ed1766e57430266d4448661d19286e4ca566,unrecorded
forall_opus_xhigh,445,solved,accepted,result,retained_run,,,76.5,,d82c8002c069d73888a74b413e4752762b15c42c07b468f7f99d03ecc89bb993,unrecorded
forall_opus_xhigh,446,solved,accepted,result,retained_run,,,42.9,,b6bd8bfa2c911edfde0203f712d0bfa46bf03377605cc75edd0ba236de4341ba,unrecorded
forall_opus_xhigh,447,solved,accepted,result,retained_run,,,379.4,,480142425294b76a0fe1e70042292a34cca217309cbdd61d5ad2214ff4384618,unrecorded
forall_opus_xhigh,450,solved,accepted,result,retained_run,,,98.5,,78c3cf534f2b916ef97e1f3edc147bf37730ce23f3fcb58c0384f8a501e856d0,unrecorded
forall_opus_xhigh,451,solved,accepted,result,retained_run,,,72.9,,12331d1f88656a3667b4ab006cd3ab56e519ba9967a7ae09589f768f23eb97e5,unrecorded
forall_opus_xhigh,452,solved,accepted,result,retained_run,,,82.7,,d4142d830ac5dca9d58c0938ab1ef7f5f3c7c0049adf0e39e20602261f677327,unrecorded
forall_opus_xhigh,453,solved,accepted,result,retained_run,,,120.3,,f95b4027b352e07129ee7e86941b3f32473edc3548aa568c421588e669cbdc45,unrecorded
forall_opus_xhigh,454,failed,not_accepted,result,retained_run,,,760.1,,40f242a1f500a45836091d3369655f256fb74bf3db04bb454a77a83cf6590bc1,unrecorded
forall_opus_xhigh,455,solved,accepted,result,retained_run,,,175.7,,ff654a5b69ba0faf681e5b43c4885a9c89d513748d391608542dbb695d37038c,unrecorded
forall_opus_xhigh,456,solved,accepted,result,retained_run,,,50.1,,b218697a58d569c9663d6646ba603891f4275380ad2fe23d9b921fe199a8ec39,unrecorded
forall_opus_xhigh,457,solved,accepted,result,retained_run,,,551.7,,39d31de179850dcf0f9648f5d1b6dccd8d8958ef78556e9ab664b9a36052e705,unrecorded
forall_opus_xhigh,458,solved,accepted,result,retained_run,,,59.7,,45289bebaad7045de0f6aa555c5311a4ca725a420b9343cdd6aac7298dea0421,unrecorded
forall_opus_xhigh,459,solved,accepted,result,retained_run,,,96.7,,27e5d99d0d802063d73ab73a53b0cd150cc67fbe39bc85bc0fc265480105c863,unrecorded
forall_opus_xhigh,460,solved,accepted,result,retained_run,,,91.4,,e95a057eed3935681349fa1c65d52b60b54b567a05da1bb4c584071fcd3c0bf9,unrecorded
forall_opus_xhigh,462,solved,accepted,result,retained_run,,,45.1,,f5b9ae401997c07a6dee0333364f03a2128404dd06d278176dfe00f64fc7c69c,unrecorded
forall_opus_xhigh,466,solved,accepted,result,retained_run,,,243.5,,f2ca9cd4b33e95a60d82aefa4249bd8352eaaae0bc512bbe3a813f2f103ae618,unrecorded
forall_opus_xhigh,467,solved,accepted,result,retained_run,,,42.0,,f2adcea825949300037c4e76d4797236f44b447fbb7884e9756083803023e6e4,unrecorded
forall_opus_xhigh,468,solved,accepted,result,retained_run,,,99.6,,bcbba97b8f6ff3db0ca531c929173c16a1cc2320606c311b6adea01ff7e8eb83,unrecorded
forall_opus_xhigh,469,solved,accepted,result,retained_run,,,108.7,,55892f780a655445280d76f15874ade263e349b1246cf9ad903c1a18ab983dfd,unrecorded
forall_opus_xhigh,471,solved,accepted,result,retained_run,,,61.1,,a978ac96cc1cfedc7d56ca94dc5eaee9246d271dea3ba44b95e7e6270dc17c0b,unrecorded
forall_opus_xhigh,472,solved,accepted,result,retained_run,,,66.2,,483792691ccba4d4d625379fa6438fc7554a130ae319c621b9f1d692ddc7832d,unrecorded
forall_opus_xhigh,473,solved,accepted,result,retained_run,,,52.9,,526ff525435892907a4190f927087d79a5d55e56a95b3c0c72b45086b7556c79,unrecorded
claude_opus_low,4,solved,accepted,result,retained_run,,2,,,e3b0c44298fc1c149afbf4c8996fb92427ae41e4649b934ca495991b7852b855,unrecorded
claude_opus_low,5,solved,accepted,result,retained_run,,1,,,e3b0c44298fc1c149afbf4c8996fb92427ae41e4649b934ca495991b7852b855,unrecorded
claude_opus_low,14,solved,accepted,result,retained_run,,1,,,e3b0c44298fc1c149afbf4c8996fb92427ae41e4649b934ca495991b7852b855,unrecorded
claude_opus_low,15,solved,accepted,result,retained_run,,1,,,e3b0c44298fc1c149afbf4c8996fb92427ae41e4649b934ca495991b7852b855,unrecorded
claude_opus_low,29,solved,accepted,result,retained_run,,1,,,e3b0c44298fc1c149afbf4c8996fb92427ae41e4649b934ca495991b7852b855,unrecorded
claude_opus_low,121,failed,not_accepted,result,retained_run,,,,,e3b0c44298fc1c149afbf4c8996fb92427ae41e4649b934ca495991b7852b855,unrecorded
claude_opus_low,122,solved,accepted,result,retained_run,,1,,,e3b0c44298fc1c149afbf4c8996fb92427ae41e4649b934ca495991b7852b855,unrecorded
claude_opus_low,123,solved,accepted,result,retained_run,,1,,,e3b0c44298fc1c149afbf4c8996fb92427ae41e4649b934ca495991b7852b855,unrecorded
claude_opus_low,124,solved,accepted,result,retained_run,,1,,,e3b0c44298fc1c149afbf4c8996fb92427ae41e4649b934ca495991b7852b855,unrecorded
claude_opus_low,125,solved,accepted,result,retained_run,,1,,,e3b0c44298fc1c149afbf4c8996fb92427ae41e4649b934ca495991b7852b855,unrecorded
claude_opus_low,126,solved,accepted,result,retained_run,,2,,,e3b0c44298fc1c149afbf4c8996fb92427ae41e4649b934ca495991b7852b855,unrecorded
claude_opus_low,127,solved,accepted,result,retained_run,,1,,,e3b0c44298fc1c149afbf4c8996fb92427ae41e4649b934ca495991b7852b855,unrecorded
claude_opus_low,128,solved,accepted,result,retained_run,,2,,,e3b0c44298fc1c149afbf4c8996fb92427ae41e4649b934ca495991b7852b855,unrecorded
claude_opus_low,129,solved,accepted,result,retained_run,,1,,,e3b0c44298fc1c149afbf4c8996fb92427ae41e4649b934ca495991b7852b855,unrecorded
claude_opus_low,131,solved,accepted,result,retained_run,,1,,,e3b0c44298fc1c149afbf4c8996fb92427ae41e4649b934ca495991b7852b855,unrecorded
claude_opus_low,132,solved,accepted,result,retained_run,,1,,,e3b0c44298fc1c149afbf4c8996fb92427ae41e4649b934ca495991b7852b855,unrecorded
claude_opus_low,133,solved,accepted,result,retained_run,,1,,,e3b0c44298fc1c149afbf4c8996fb92427ae41e4649b934ca495991b7852b855,unrecorded
claude_opus_low,134,solved,accepted,result,retained_run,,1,,,e3b0c44298fc1c149afbf4c8996fb92427ae41e4649b934ca495991b7852b855,unrecorded
claude_opus_low,135,solved,accepted,result,retained_run,,1,,,e3b0c44298fc1c149afbf4c8996fb92427ae41e4649b934ca495991b7852b855,unrecorded
claude_opus_low,136,solved,accepted,result,retained_run,,1,,,e3b0c44298fc1c149afbf4c8996fb92427ae41e4649b934ca495991b7852b855,unrecorded
claude_opus_low,137,solved,accepted,result,retained_run,,1,,,e3b0c44298fc1c149afbf4c8996fb92427ae41e4649b934ca495991b7852b855,unrecorded
claude_opus_low,138,solved,accepted,result,retained_run,,1,,,e3b0c44298fc1c149afbf4c8996fb92427ae41e4649b934ca495991b7852b855,unrecorded
claude_opus_low,139,solved,accepted,result,retained_run,,1,,,e3b0c44298fc1c149afbf4c8996fb92427ae41e4649b934ca495991b7852b855,unrecorded
claude_opus_low,140,solved,accepted,result,retained_run,,1,,,e3b0c44298fc1c149afbf4c8996fb92427ae41e4649b934ca495991b7852b855,unrecorded
claude_opus_low,141,solved,accepted,result,retained_run,,3,,,e3b0c44298fc1c149afbf4c8996fb92427ae41e4649b934ca495991b7852b855,unrecorded
claude_opus_low,142,solved,accepted,result,retained_run,,1,,,e3b0c44298fc1c149afbf4c8996fb92427ae41e4649b934ca495991b7852b855,unrecorded
claude_opus_low,143,solved,accepted,result,retained_run,,1,,,e3b0c44298fc1c149afbf4c8996fb92427ae41e4649b934ca495991b7852b855,unrecorded
claude_opus_low,144,solved,accepted,result,retained_run,,1,,,e3b0c44298fc1c149afbf4c8996fb92427ae41e4649b934ca495991b7852b855,unrecorded
claude_opus_low,145,solved,accepted,result,retained_run,,1,,,e3b0c44298fc1c149afbf4c8996fb92427ae41e4649b934ca495991b7852b855,unrecorded
claude_opus_low,146,solved,accepted,result,retained_run,,3,,,e3b0c44298fc1c149afbf4c8996fb92427ae41e4649b934ca495991b7852b855,unrecorded
claude_opus_low,147,solved,accepted,result,retained_run,,1,,,e3b0c44298fc1c149afbf4c8996fb92427ae41e4649b934ca495991b7852b855,unrecorded
claude_opus_low,148,solved,accepted,result,retained_run,,1,,,e3b0c44298fc1c149afbf4c8996fb92427ae41e4649b934ca495991b7852b855,unrecorded
claude_opus_low,149,solved,accepted,result,retained_run,,1,,,e3b0c44298fc1c149afbf4c8996fb92427ae41e4649b934ca495991b7852b855,unrecorded
claude_opus_low,150,solved,accepted,result,retained_run,,1,,,e3b0c44298fc1c149afbf4c8996fb92427ae41e4649b934ca495991b7852b855,unrecorded
claude_opus_low,152,solved,accepted,result,retained_run,,1,,,e3b0c44298fc1c149afbf4c8996fb92427ae41e4649b934ca495991b7852b855,unrecorded
claude_opus_low,153,solved,accepted,result,retained_run,,1,,,e3b0c44298fc1c149afbf4c8996fb92427ae41e4649b934ca495991b7852b855,unrecorded
claude_opus_low,154,solved,accepted,result,retained_run,,1,,,e3b0c44298fc1c149afbf4c8996fb92427ae41e4649b934ca495991b7852b855,unrecorded
claude_opus_low,155,solved,accepted,result,retained_run,,1,,,e3b0c44298fc1c149afbf4c8996fb92427ae41e4649b934ca495991b7852b855,unrecorded
claude_opus_low,156,solved,accepted,result,retained_run,,1,,,e3b0c44298fc1c149afbf4c8996fb92427ae41e4649b934ca495991b7852b855,unrecorded
claude_opus_low,157,solved,accepted,result,retained_run,,1,,,e3b0c44298fc1c149afbf4c8996fb92427ae41e4649b934ca495991b7852b855,unrecorded
claude_opus_low,158,solved,accepted,result,retained_run,,1,,,e3b0c44298fc1c149afbf4c8996fb92427ae41e4649b934ca495991b7852b855,unrecorded
claude_opus_low,159,solved,accepted,result,retained_run,,1,,,e3b0c44298fc1c149afbf4c8996fb92427ae41e4649b934ca495991b7852b855,unrecorded
claude_opus_low,160,solved,accepted,result,retained_run,,1,,,e3b0c44298fc1c149afbf4c8996fb92427ae41e4649b934ca495991b7852b855,unrecorded
claude_opus_low,161,solved,accepted,result,retained_run,,1,,,e3b0c44298fc1c149afbf4c8996fb92427ae41e4649b934ca495991b7852b855,unrecorded
claude_opus_low,163,solved,accepted,result,retained_run,,1,,,e3b0c44298fc1c149afbf4c8996fb92427ae41e4649b934ca495991b7852b855,unrecorded
claude_opus_low,164,solved,accepted,result,retained_run,,1,,,e3b0c44298fc1c149afbf4c8996fb92427ae41e4649b934ca495991b7852b855,unrecorded
claude_opus_low,165,solved,accepted,result,retained_run,,1,,,e3b0c44298fc1c149afbf4c8996fb92427ae41e4649b934ca495991b7852b855,unrecorded
claude_opus_low,168,solved,accepted,result,retained_run,,1,,,e3b0c44298fc1c149afbf4c8996fb92427ae41e4649b934ca495991b7852b855,unrecorded
claude_opus_low,169,solved,accepted,result,retained_run,,1,,,e3b0c44298fc1c149afbf4c8996fb92427ae41e4649b934ca495991b7852b855,unrecorded
claude_opus_low,171,solved,accepted,result,retained_run,,1,,,e3b0c44298fc1c149afbf4c8996fb92427ae41e4649b934ca495991b7852b855,unrecorded
claude_opus_low,176,solved,accepted,result,retained_run,,1,,,e3b0c44298fc1c149afbf4c8996fb92427ae41e4649b934ca495991b7852b855,unrecorded
claude_opus_low,178,solved,accepted,result,retained_run,,1,,,e3b0c44298fc1c149afbf4c8996fb92427ae41e4649b934ca495991b7852b855,unrecorded
claude_opus_low,194,solved,accepted,result,retained_run,,1,,,e3b0c44298fc1c149afbf4c8996fb92427ae41e4649b934ca495991b7852b855,unrecorded
claude_opus_low,222,solved,accepted,result,retained_run,,1,,,e3b0c44298fc1c149afbf4c8996fb92427ae41e4649b934ca495991b7852b855,unrecorded
claude_opus_low,245,solved,accepted,result,retained_run,,1,,,e3b0c44298fc1c149afbf4c8996fb92427ae41e4649b934ca495991b7852b855,unrecorded
claude_opus_low,246,solved,accepted,result,retained_run,,1,,,e3b0c44298fc1c149afbf4c8996fb92427ae41e4649b934ca495991b7852b855,unrecorded
claude_opus_low,247,solved,accepted,result,retained_run,,1,,,e3b0c44298fc1c149afbf4c8996fb92427ae41e4649b934ca495991b7852b855,unrecorded
claude_opus_low,249,solved,accepted,result,retained_run,,1,,,e3b0c44298fc1c149afbf4c8996fb92427ae41e4649b934ca495991b7852b855,unrecorded
claude_opus_low,250,solved,accepted,result,retained_run,,1,,,e3b0c44298fc1c149afbf4c8996fb92427ae41e4649b934ca495991b7852b855,unrecorded
claude_opus_low,265,solved,accepted,result,retained_run,,1,,,e3b0c44298fc1c149afbf4c8996fb92427ae41e4649b934ca495991b7852b855,unrecorded
claude_opus_low,266,solved,accepted,result,retained_run,,1,,,e3b0c44298fc1c149afbf4c8996fb92427ae41e4649b934ca495991b7852b855,unrecorded
claude_opus_low,268,solved,accepted,result,retained_run,,1,,,e3b0c44298fc1c149afbf4c8996fb92427ae41e4649b934ca495991b7852b855,unrecorded
claude_opus_low,271,solved,accepted,result,retained_run,,2,,,e3b0c44298fc1c149afbf4c8996fb92427ae41e4649b934ca495991b7852b855,unrecorded
claude_opus_low,272,solved,accepted,result,retained_run,,1,,,e3b0c44298fc1c149afbf4c8996fb92427ae41e4649b934ca495991b7852b855,unrecorded
claude_opus_low,273,solved,accepted,result,retained_run,,1,,,e3b0c44298fc1c149afbf4c8996fb92427ae41e4649b934ca495991b7852b855,unrecorded
claude_opus_low,274,solved,accepted,result,retained_run,,1,,,e3b0c44298fc1c149afbf4c8996fb92427ae41e4649b934ca495991b7852b855,unrecorded
claude_opus_low,275,solved,accepted,result,retained_run,,1,,,e3b0c44298fc1c149afbf4c8996fb92427ae41e4649b934ca495991b7852b855,unrecorded
claude_opus_low,277,solved,accepted,result,retained_run,,1,,,e3b0c44298fc1c149afbf4c8996fb92427ae41e4649b934ca495991b7852b855,unrecorded
claude_opus_low,281,solved,accepted,result,retained_run,,1,,,e3b0c44298fc1c149afbf4c8996fb92427ae41e4649b934ca495991b7852b855,unrecorded
claude_opus_low,356,solved,accepted,result,retained_run,,1,,,e3b0c44298fc1c149afbf4c8996fb92427ae41e4649b934ca495991b7852b855,unrecorded
claude_opus_low,357,solved,accepted,result,retained_run,,1,,,e3b0c44298fc1c149afbf4c8996fb92427ae41e4649b934ca495991b7852b855,unrecorded
claude_opus_low,359,solved,accepted,result,retained_run,,2,,,e3b0c44298fc1c149afbf4c8996fb92427ae41e4649b934ca495991b7852b855,unrecorded
claude_opus_low,361,solved,accepted,result,retained_run,,1,,,e3b0c44298fc1c149afbf4c8996fb92427ae41e4649b934ca495991b7852b855,unrecorded
claude_opus_low,378,solved,accepted,result,retained_run,,1,,,e3b0c44298fc1c149afbf4c8996fb92427ae41e4649b934ca495991b7852b855,unrecorded
claude_opus_low,381,solved,accepted,result,retained_run,,1,,,e3b0c44298fc1c149afbf4c8996fb92427ae41e4649b934ca495991b7852b855,unrecorded
claude_opus_low,392,solved,accepted,result,retained_run,,2,,,e3b0c44298fc1c149afbf4c8996fb92427ae41e4649b934ca495991b7852b855,unrecorded
claude_opus_low,396,solved,accepted,result,retained_run,,1,,,e3b0c44298fc1c149afbf4c8996fb92427ae41e4649b934ca495991b7852b855,unrecorded
claude_opus_low,444,solved,accepted,result,retained_run,,1,,,e3b0c44298fc1c149afbf4c8996fb92427ae41e4649b934ca495991b7852b855,unrecorded
claude_opus_low,445,solved,accepted,result,retained_run,,1,,,e3b0c44298fc1c149afbf4c8996fb92427ae41e4649b934ca495991b7852b855,unrecorded
claude_opus_low,446,solved,accepted,result,retained_run,,1,,,e3b0c44298fc1c149afbf4c8996fb92427ae41e4649b934ca495991b7852b855,unrecorded
claude_opus_low,447,solved,accepted,result,retained_run,,1,,,e3b0c44298fc1c149afbf4c8996fb92427ae41e4649b934ca495991b7852b855,unrecorded
claude_opus_low,450,solved,accepted,result,retained_run,,1,,,e3b0c44298fc1c149afbf4c8996fb92427ae41e4649b934ca495991b7852b855,unrecorded
claude_opus_low,451,solved,accepted,result,retained_run,,1,,,e3b0c44298fc1c149afbf4c8996fb92427ae41e4649b934ca495991b7852b855,unrecorded
claude_opus_low,452,solved,accepted,result,retained_run,,3,,,e3b0c44298fc1c149afbf4c8996fb92427ae41e4649b934ca495991b7852b855,unrecorded
claude_opus_low,453,solved,accepted,result,retained_run,,1,,,e3b0c44298fc1c149afbf4c8996fb92427ae41e4649b934ca495991b7852b855,unrecorded
claude_opus_low,454,solved,accepted,result,retained_run,,2,,,e3b0c44298fc1c149afbf4c8996fb92427ae41e4649b934ca495991b7852b855,unrecorded
claude_opus_low,455,solved,accepted,result,retained_run,,1,,,e3b0c44298fc1c149afbf4c8996fb92427ae41e4649b934ca495991b7852b855,unrecorded
claude_opus_low,456,solved,accepted,result,retained_run,,1,,,e3b0c44298fc1c149afbf4c8996fb92427ae41e4649b934ca495991b7852b855,unrecorded
claude_opus_low,457,solved,accepted,result,retained_run,,1,,,e3b0c44298fc1c149afbf4c8996fb92427ae41e4649b934ca495991b7852b855,unrecorded
claude_opus_low,458,solved,accepted,result,retained_run,,1,,,e3b0c44298fc1c149afbf4c8996fb92427ae41e4649b934ca495991b7852b855,unrecorded
claude_opus_low,459,solved,accepted,result,retained_run,,1,,,e3b0c44298fc1c149afbf4c8996fb92427ae41e4649b934ca495991b7852b855,unrecorded
claude_opus_low,460,solved,accepted,result,retained_run,,1,,,e3b0c44298fc1c149afbf4c8996fb92427ae41e4649b934ca495991b7852b855,unrecorded
claude_opus_low,462,solved,accepted,result,retained_run,,1,,,e3b0c44298fc1c149afbf4c8996fb92427ae41e4649b934ca495991b7852b855,unrecorded
claude_opus_low,466,solved,accepted,result,retained_run,,1,,,e3b0c44298fc1c149afbf4c8996fb92427ae41e4649b934ca495991b7852b855,unrecorded
claude_opus_low,467,solved,accepted,result,retained_run,,1,,,e3b0c44298fc1c149afbf4c8996fb92427ae41e4649b934ca495991b7852b855,unrecorded
claude_opus_low,468,solved,accepted,result,retained_run,,1,,,e3b0c44298fc1c149afbf4c8996fb92427ae41e4649b934ca495991b7852b855,unrecorded
claude_opus_low,469,solved,accepted,result,retained_run,,1,,,e3b0c44298fc1c149afbf4c8996fb92427ae41e4649b934ca495991b7852b855,unrecorded
claude_opus_low,471,solved,accepted,result,retained_run,,1,,,e3b0c44298fc1c149afbf4c8996fb92427ae41e4649b934ca495991b7852b855,unrecorded
claude_opus_low,472,solved,accepted,result,retained_run,,1,,,e3b0c44298fc1c149afbf4c8996fb92427ae41e4649b934ca495991b7852b855,unrecorded
claude_opus_low,473,solved,accepted,result,retained_run,,2,,,e3b0c44298fc1c149afbf4c8996fb92427ae41e4649b934ca495991b7852b855,unrecorded
forall_opus_low,4,reviewed_accepted,accepted,reviewed_result,retained_run,3,,74.9,824a15e356461178c2df8ac459a3b9378b1fe846655fb4a23d06fb7b5aca187f,824a15e356461178c2df8ac459a3b9378b1fe846655fb4a23d06fb7b5aca187f,match
forall_opus_low,5,reviewed_accepted,accepted,reviewed_result,retained_run,1,,115.8,b9ab260ee9281e21a57b6e16581e8bab0504f53a3f1654f8c312efc824b8af2e,b9ab260ee9281e21a57b6e16581e8bab0504f53a3f1654f8c312efc824b8af2e,match
forall_opus_low,14,reviewed_accepted,accepted,reviewed_result,retained_run,1,,31.8,ad1367dc95fe447618366c194ae366e59d7b99d9926a1782b1af465ae7828c3f,ad1367dc95fe447618366c194ae366e59d7b99d9926a1782b1af465ae7828c3f,match
forall_opus_low,15,reviewed_accepted,accepted,reviewed_result,retained_run,1,,126.7,fc872c6ddec36e4d3293bf22b4c69e72930a0a8b886c9c1defcb6dede26762e4,fc872c6ddec36e4d3293bf22b4c69e72930a0a8b886c9c1defcb6dede26762e4,match
forall_opus_low,29,reviewed_accepted,accepted,reviewed_result,retained_run,1,,107.8,eb1a3a8d88c08e1925d072ee96af448b907aa979c05050a534901bc7db2f9303,eb1a3a8d88c08e1925d072ee96af448b907aa979c05050a534901bc7db2f9303,match
forall_opus_low,121,reviewed_accepted,accepted,reviewed_result,retained_run,1,,1288.2,18078f7694b29ff15d3a1a33b0c5a5b1beef8d19e0e67a17102d311cc844088c,18078f7694b29ff15d3a1a33b0c5a5b1beef8d19e0e67a17102d311cc844088c,match
forall_opus_low,122,reviewed_accepted,accepted,reviewed_result,retained_run,2,,633.9,40a237c5c628c56aa29015fedf02127da30521d9e3f074d043573f359023bf4a,40a237c5c628c56aa29015fedf02127da30521d9e3f074d043573f359023bf4a,match
forall_opus_low,123,reviewed_accepted,accepted,reviewed_result,retained_run,3,,159.7,f0b18401134b55c746b1859c784d5574b0f6e2a4f863f091f2a39231e1c319c2,f0b18401134b55c746b1859c784d5574b0f6e2a4f863f091f2a39231e1c319c2,match
forall_opus_low,124,reviewed_accepted,accepted,reviewed_result,retained_run,1,,52.2,bdaa35b09258530f079db85c183ead58cb4f6500b8aa83345e3c1c101e174257,bdaa35b09258530f079db85c183ead58cb4f6500b8aa83345e3c1c101e174257,match
forall_opus_low,125,reviewed_accepted,accepted,reviewed_result,retained_run,1,,67.3,505291bd1513bc89f780509e169278084ef798c13c4d265cab3810b853826d52,505291bd1513bc89f780509e169278084ef798c13c4d265cab3810b853826d52,match
forall_opus_low,126,reviewed_accepted,accepted,reviewed_result,retained_run,1,,143.8,9545c3ee338b7872ad9a8c12525754456abf087361e3ccf0ea1405117c19ad7d,9545c3ee338b7872ad9a8c12525754456abf087361e3ccf0ea1405117c19ad7d,match
forall_opus_low,127,reviewed_accepted,accepted,reviewed_result,retained_run,1,,169.2,32a33913fc2d1af63d283968d4c378fceec49b92ef3417ad10b46a9bd136d25e,32a33913fc2d1af63d283968d4c378fceec49b92ef3417ad10b46a9bd136d25e,match
forall_opus_low,128,reviewed_accepted,accepted,reviewed_result,retained_run,2,,276.4,b72c7fceb18ddc1bf7639c5689b0fab7054587ab83ea1c0b05603e26278730c4,b72c7fceb18ddc1bf7639c5689b0fab7054587ab83ea1c0b05603e26278730c4,match
forall_opus_low,129,reviewed_accepted,accepted,reviewed_result,retained_run,2,,170.9,959d611d8fdbf6ce84f4982b8b6bc8256b460b5fdc9bbedd9e45691aec80d8b8,959d611d8fdbf6ce84f4982b8b6bc8256b460b5fdc9bbedd9e45691aec80d8b8,match
forall_opus_low,131,reviewed_accepted,accepted,reviewed_result,retained_run,1,,30.0,5819f5a2819e6b4bc1ca6b60c96d7cf46f4ec81cdb77f13ba150fe460887e44b,5819f5a2819e6b4bc1ca6b60c96d7cf46f4ec81cdb77f13ba150fe460887e44b,match
forall_opus_low,132,reviewed_accepted,accepted,reviewed_result,retained_run,1,,114.6,901ac86ece9e7f0f91f2c9c80b8ed3a78d7e6ff3acbe41c582a44c7b780050b1,901ac86ece9e7f0f91f2c9c80b8ed3a78d7e6ff3acbe41c582a44c7b780050b1,match
forall_opus_low,133,reviewed_accepted,accepted,reviewed_result,retained_run,1,,114.2,e872e2445cd0ba2e8a8e23cf760ede412917ca4a622abe0cb55cfd97aec1ea6d,e872e2445cd0ba2e8a8e23cf760ede412917ca4a622abe0cb55cfd97aec1ea6d,match
forall_opus_low,134,reviewed_accepted,accepted,reviewed_result,retained_run,2,,136.2,447362189033c8eb7fe32313be7a7f30adef521092eb0331507aa418e31624d3,447362189033c8eb7fe32313be7a7f30adef521092eb0331507aa418e31624d3,match
forall_opus_low,135,reviewed_accepted,accepted,reviewed_result,retained_run,2,,68.9,7513eae91e11590027fbec0f8427de3b7103b2d97b3ff7cbca209c3c21c416f5,7513eae91e11590027fbec0f8427de3b7103b2d97b3ff7cbca209c3c21c416f5,match
forall_opus_low,136,reviewed_accepted,accepted,reviewed_result,retained_run,1,,109.8,2f6275d255fd24dac91b50c5936b373290a2d289cbf642e8c09db7bd2eb95b10,2f6275d255fd24dac91b50c5936b373290a2d289cbf642e8c09db7bd2eb95b10,match
forall_opus_low,137,reviewed_accepted,accepted,reviewed_result,retained_run,1,,46.7,3b9f7d57e26a1dd8b56a4e0d89a6a6bdc5871b2967d4f7f3e81a6718b50e8fcf,3b9f7d57e26a1dd8b56a4e0d89a6a6bdc5871b2967d4f7f3e81a6718b50e8fcf,match
forall_opus_low,138,reviewed_accepted,accepted,reviewed_result,retained_run,1,,54.6,0fb5a228db348c9e48cbceb47179a2620b259f1a93465a24ff4451f9be0fdc9e,0fb5a228db348c9e48cbceb47179a2620b259f1a93465a24ff4451f9be0fdc9e,match
forall_opus_low,139,reviewed_accepted,accepted,reviewed_result,retained_run,1,,106.7,f04e46215b23cd24c7a0971cd8ce012991fee9280b2f490e5dc4b9ab68e88401,f04e46215b23cd24c7a0971cd8ce012991fee9280b2f490e5dc4b9ab68e88401,match
forall_opus_low,140,reviewed_accepted,accepted,reviewed_result,retained_run,3,,222.9,1727e667fe5574630e35e3919fa8b9067b0da4b588e28aa3ae5d8caea567f6b4,1727e667fe5574630e35e3919fa8b9067b0da4b588e28aa3ae5d8caea567f6b4,match
forall_opus_low,141,reviewed_accepted,accepted,reviewed_result,retained_run,1,,42.6,c2ecb43659f3bef158baf11c6af807f395fb754a0783dd35906b1d52c2445eba,c2ecb43659f3bef158baf11c6af807f395fb754a0783dd35906b1d52c2445eba,match
forall_opus_low,142,reviewed_accepted,accepted,reviewed_result,retained_run,1,,55.4,7690bf507b6992b1131d6207a07e7da935616cad95efb0040e366deb357fb1fa,7690bf507b6992b1131d6207a07e7da935616cad95efb0040e366deb357fb1fa,match
forall_opus_low,143,reviewed_accepted,accepted,reviewed_result,retained_run,1,,53.0,ab144254af4acdfd89ade6394530999deb93679753e82446df4df8158bf11887,ab144254af4acdfd89ade6394530999deb93679753e82446df4df8158bf11887,match
forall_opus_low,144,reviewed_accepted,accepted,reviewed_result,retained_run,1,,46.1,97df3246c6b346a884522c280d9ae7058e9f00958bf24efcab39f1fcafd69b0b,97df3246c6b346a884522c280d9ae7058e9f00958bf24efcab39f1fcafd69b0b,match
forall_opus_low,145,reviewed_accepted,accepted,reviewed_result,retained_run,1,,94.6,f4a8c8e54b02aa84d9beeb7287d26ce93ce21e8bed4cccef5618193f4dc0c2b2,f4a8c8e54b02aa84d9beeb7287d26ce93ce21e8bed4cccef5618193f4dc0c2b2,match
forall_opus_low,146,reviewed_accepted,accepted,reviewed_result,retained_run,2,,81.8,cf320972c999977af6c9e8ec8bfc2d373c352b532019f96f5c6fd3367be6dece,cf320972c999977af6c9e8ec8bfc2d373c352b532019f96f5c6fd3367be6dece,match
forall_opus_low,147,reviewed_accepted,accepted,reviewed_result,retained_run,1,,498.1,742d43ddb539006ad8d44c234565fce1b09a1d9fbcbf4ba1fbcdecd7f7cae809,742d43ddb539006ad8d44c234565fce1b09a1d9fbcbf4ba1fbcdecd7f7cae809,match
forall_opus_low,148,reviewed_accepted,accepted,reviewed_result,retained_run,2,,44.9,d18af01388a5f8dde16b6be17a2fc110cd0a681d08082bde0dad99d23c640c20,d18af01388a5f8dde16b6be17a2fc110cd0a681d08082bde0dad99d23c640c20,match
forall_opus_low,149,reviewed_accepted,accepted,reviewed_result,retained_run,2,,88.8,87f59400c2bb797ac2199afedc9933a04d25f071f1effc3a145151fa55fa1e60,87f59400c2bb797ac2199afedc9933a04d25f071f1effc3a145151fa55fa1e60,match
forall_opus_low,150,reviewed_accepted,accepted,reviewed_result,retained_run,1,,51.6,8c3fb5dc1263bad6f2a8ebe5746fe29159eeb87dad0949c4bb4ab7d2555f2b97,8c3fb5dc1263bad6f2a8ebe5746fe29159eeb87dad0949c4bb4ab7d2555f2b97,match
forall_opus_low,152,reviewed_accepted,accepted,reviewed_result,retained_run,1,,83.9,9dfaec9338d58c0d333fdcfab03c1f88784b59ae4aaa4dfe2101c5a8f40b2b39,9dfaec9338d58c0d333fdcfab03c1f88784b59ae4aaa4dfe2101c5a8f40b2b39,match
forall_opus_low,153,reviewed_accepted,accepted,reviewed_result,retained_run,4,,159.1,58f6d4153db4fbc6c1aca049fec0259b4666c83a7ee062ef474cbe11ccb5c500,58f6d4153db4fbc6c1aca049fec0259b4666c83a7ee062ef474cbe11ccb5c500,match
forall_opus_low,154,reviewed_accepted,accepted,reviewed_result,retained_run,2,,106.1,d5108561524fa50191f5f20102264977cb7205d7ae20fc187e0de22cd2cb5369,d5108561524fa50191f5f20102264977cb7205d7ae20fc187e0de22cd2cb5369,match
forall_opus_low,155,reviewed_accepted,accepted,reviewed_result,retained_run,1,,183.3,947e7b0ca85c04a9b97c2f47ee3ca38f9c6ef6d1fc96798a91c37375ae6e0844,947e7b0ca85c04a9b97c2f47ee3ca38f9c6ef6d1fc96798a91c37375ae6e0844,match
forall_opus_low,156,reviewed_accepted,accepted,reviewed_result,retained_run,2,,48.1,84be55fa19b77a0aa1c0f0f7cd3d1d11c25fdf7612281d78dd96eb2bdb454502,84be55fa19b77a0aa1c0f0f7cd3d1d11c25fdf7612281d78dd96eb2bdb454502,match
forall_opus_low,157,reviewed_accepted,accepted,reviewed_result,retained_run,1,,172.2,2438b9f26ec593dd7ad915d45661efb36e616cadec5d48cd6546cdfe107aeebb,2438b9f26ec593dd7ad915d45661efb36e616cadec5d48cd6546cdfe107aeebb,match
forall_opus_low,158,reviewed_accepted,accepted,reviewed_result,retained_run,2,,74.2,b5e5726517696d626df0ae7f49e3fdcbcbbc500df9a9b0de236ba8aba9b8a33d,b5e5726517696d626df0ae7f49e3fdcbcbbc500df9a9b0de236ba8aba9b8a33d,match
forall_opus_low,159,reviewed_accepted,accepted,reviewed_result,retained_run,1,,123.7,d627426fd0600a1a851376ff2dd1fd512b39347e8dab39f6e22f67bb1766dfc7,d627426fd0600a1a851376ff2dd1fd512b39347e8dab39f6e22f67bb1766dfc7,match
forall_opus_low,160,reviewed_accepted,accepted,reviewed_result,retained_run,1,,32.1,e889972d1b4edc2f90bcfb48504cee42fe9dcd14193030e2e86bdc7207a6b6ec,e889972d1b4edc2f90bcfb48504cee42fe9dcd14193030e2e86bdc7207a6b6ec,match
forall_opus_low,161,reviewed_accepted,accepted,reviewed_result,retained_run,1,,99.2,7c203cc56d8fd986adda13ad8de096dd946369b12dee936eb8961146a5b05503,7c203cc56d8fd986adda13ad8de096dd946369b12dee936eb8961146a5b05503,match
forall_opus_low,163,reviewed_accepted,accepted,reviewed_result,retained_run,2,,196.0,88d6873814da57bb2066e30974353a19bf66ada0295d4fd3214dcfddb35ec67b,88d6873814da57bb2066e30974353a19bf66ada0295d4fd3214dcfddb35ec67b,match
forall_opus_low,164,reviewed_accepted,accepted,reviewed_result,retained_run,1,,107.6,34e18340dad402a4514103240a9b6033fae5276caac1fb9e22c532565aea6638,34e18340dad402a4514103240a9b6033fae5276caac1fb9e22c532565aea6638,match
forall_opus_low,165,reviewed_accepted,accepted,reviewed_result,retained_run,1,,152.3,355f66fce88f8b6f0c625f224bb899935e8579aa2120231752e2c1a2981e3f35,355f66fce88f8b6f0c625f224bb899935e8579aa2120231752e2c1a2981e3f35,match
forall_opus_low,168,reviewed_accepted,accepted,reviewed_result,retained_run,1,,73.6,40f0e5140ebf3224792dcffc31bc6570c6d6a9ad6579467979217d5f29517a20,40f0e5140ebf3224792dcffc31bc6570c6d6a9ad6579467979217d5f29517a20,match
forall_opus_low,169,reviewed_accepted,accepted,reviewed_result,retained_run,1,,73.3,333b6bfa26fefa0292614f4e3d5282da29f77f886ff022a2671c9163df06510c,333b6bfa26fefa0292614f4e3d5282da29f77f886ff022a2671c9163df06510c,match
forall_opus_low,171,reviewed_accepted,accepted,reviewed_result,retained_run,1,,64.9,d2dfbe88e041ca353b9485fdd8d7f06dd8499e4fdbf3544450b2b833d9fc92ad,d2dfbe88e041ca353b9485fdd8d7f06dd8499e4fdbf3544450b2b833d9fc92ad,match
forall_opus_low,176,reviewed_accepted,accepted,reviewed_result,retained_run,4,,184.1,7c053ba60de27f4fb3b886ccd55ad285cf02d1e8d8245ef098dbd14ab8171681,7c053ba60de27f4fb3b886ccd55ad285cf02d1e8d8245ef098dbd14ab8171681,match
forall_opus_low,178,reviewed_accepted,accepted,reviewed_result,retained_run,1,,239.6,00bc1d1ac4e3930e0124e92c460cddd0771960d9ab7bca5ba7fa00d991ef0401,00bc1d1ac4e3930e0124e92c460cddd0771960d9ab7bca5ba7fa00d991ef0401,match
forall_opus_low,194,reviewed_accepted,accepted,reviewed_result,retained_run,1,,190.7,a4b547acf4e8cbbd7820e8f4dd2288ac7130527f9a19a585a424a161dc228e93,a4b547acf4e8cbbd7820e8f4dd2288ac7130527f9a19a585a424a161dc228e93,match
forall_opus_low,222,reviewed_accepted,accepted,reviewed_result,retained_run,1,,74.5,7996d1217b8cbafed26d93bcbd5ca7e0b14c2e132485bac67a2bc5a24a81ed4d,7996d1217b8cbafed26d93bcbd5ca7e0b14c2e132485bac67a2bc5a24a81ed4d,match
forall_opus_low,245,reviewed_accepted,accepted,reviewed_result,retained_run,4,,314.6,bbadb200699e63b6c3d5ea5c921cccf31f605c7dc1cc02728ad4358866f40597,bbadb200699e63b6c3d5ea5c921cccf31f605c7dc1cc02728ad4358866f40597,match
forall_opus_low,246,reviewed_accepted,accepted,reviewed_result,retained_run,1,,62.6,df9355233a14ffc64719a4043cffd8a1636d4415584e50d51746893714d0018a,df9355233a14ffc64719a4043cffd8a1636d4415584e50d51746893714d0018a,match
forall_opus_low,247,reviewed_accepted,accepted,reviewed_result,retained_run,1,,50.0,0544cd109f50c6b72aae56a66c9144eaeca6cd0828848df0d8c07cb230d712a4,0544cd109f50c6b72aae56a66c9144eaeca6cd0828848df0d8c07cb230d712a4,match
forall_opus_low,249,reviewed_accepted,accepted,reviewed_result,retained_run,2,,66.0,c4eebed73a3ee3f46c8f9aca2258f0d4ccce0602bb29cb9ad89d45e7a0b0e9c6,c4eebed73a3ee3f46c8f9aca2258f0d4ccce0602bb29cb9ad89d45e7a0b0e9c6,match
forall_opus_low,250,reviewed_accepted,accepted,reviewed_result,retained_run,1,,23.8,a414ebeb1022ad2b5856d5cb22501d2e88bde0626beb8c4d7b1bff4ac8af0531,a414ebeb1022ad2b5856d5cb22501d2e88bde0626beb8c4d7b1bff4ac8af0531,match
forall_opus_low,265,reviewed_accepted,accepted,reviewed_result,retained_run,1,,133.3,1983de325fc6ac536cfd6737ccd521f6ee94cdd062bc8c5def345f52eaad0dfd,1983de325fc6ac536cfd6737ccd521f6ee94cdd062bc8c5def345f52eaad0dfd,match
forall_opus_low,266,reviewed_accepted,accepted,reviewed_result,retained_run,2,,105.1,80e06d4c1db9063bc6333a3d4dcd885a9e196081ad99413e14b0806c5b749a82,80e06d4c1db9063bc6333a3d4dcd885a9e196081ad99413e14b0806c5b749a82,match
forall_opus_low,268,reviewed_accepted,accepted,reviewed_result,retained_run,3,,43.6,96b1c22f99aa670293328ff212308576459e7e7255fc267c7d080c30f5b398b4,96b1c22f99aa670293328ff212308576459e7e7255fc267c7d080c30f5b398b4,match
forall_opus_low,271,reviewed_accepted,accepted,reviewed_result,retained_run,1,,21.6,6af9c8872512fdff8747caed0d029e9e3558317c8ff2f343cda5187ae25348a8,6af9c8872512fdff8747caed0d029e9e3558317c8ff2f343cda5187ae25348a8,match
forall_opus_low,272,reviewed_accepted,accepted,reviewed_result,retained_run,1,,61.4,4c49d5563d613fdf6498c2efb8b31ee90168d1650d1ce6d9d047f727632cb4e8,4c49d5563d613fdf6498c2efb8b31ee90168d1650d1ce6d9d047f727632cb4e8,match
forall_opus_low,273,reviewed_accepted,accepted,reviewed_result,retained_run,1,,60.8,96c7b4dc85b67fa6d83d55c380be5361eb9eb6f914044d76f43039a67eae6cdf,96c7b4dc85b67fa6d83d55c380be5361eb9eb6f914044d76f43039a67eae6cdf,match
forall_opus_low,274,reviewed_accepted,accepted,reviewed_result,retained_run,1,,60.8,f538174952f2e86215a3ed8f267e87c2ec8297379e93c3354af7acc9dad0648a,f538174952f2e86215a3ed8f267e87c2ec8297379e93c3354af7acc9dad0648a,match
forall_opus_low,275,reviewed_accepted,accepted,reviewed_result,retained_run,1,,28.6,9f492a4a8e3802987b8ca4f513bf922c88c3b0f6b3b4bd352dc5bff06264d8e6,9f492a4a8e3802987b8ca4f513bf922c88c3b0f6b3b4bd352dc5bff06264d8e6,match
forall_opus_low,277,reviewed_accepted,accepted,reviewed_result,retained_run,1,,143.7,f0875b99b9ccdec5afb938da3ac2ea62c4f312ca86976dd5f43f37ef990efee3,f0875b99b9ccdec5afb938da3ac2ea62c4f312ca86976dd5f43f37ef990efee3,match
forall_opus_low,281,reviewed_accepted,accepted,reviewed_result,retained_run,1,,50.8,22e0c8053e402ac720e3f69d957a12ba74d21bc6e703b59a439d33ba2444bd08,22e0c8053e402ac720e3f69d957a12ba74d21bc6e703b59a439d33ba2444bd08,match
forall_opus_low,356,reviewed_accepted,accepted,reviewed_result,retained_run,1,,252.5,d7fb8b9c2cea970237b65c60d8817ad96e5c2855d0f56de83a994dbc619db8c0,d7fb8b9c2cea970237b65c60d8817ad96e5c2855d0f56de83a994dbc619db8c0,match
forall_opus_low,357,reviewed_accepted,accepted,reviewed_result,retained_run,1,,270.4,1c50bc09c31981692649c315174823908f8f15cec090bd94b616cbe5e06c081b,1c50bc09c31981692649c315174823908f8f15cec090bd94b616cbe5e06c081b,match
forall_opus_low,359,reviewed_accepted,accepted,reviewed_result,retained_run,1,,168.5,f838f59255a7c8bd72e3aa94cb1ff312bdb2349df2809c87f218f197bc2c5fcc,f838f59255a7c8bd72e3aa94cb1ff312bdb2349df2809c87f218f197bc2c5fcc,match
forall_opus_low,361,reviewed_accepted,accepted,reviewed_result,retained_run,1,,168.0,49db4cf2e944919f59c91310560d697ca71d73061a02cd11a1c2aa08db9b5584,49db4cf2e944919f59c91310560d697ca71d73061a02cd11a1c2aa08db9b5584,match
forall_opus_low,378,reviewed_accepted,accepted,reviewed_result,retained_run,1,,188.7,9878db66f791506e32c5c4c33f9fb7e13f385da34680e829c08198960a49440e,9878db66f791506e32c5c4c33f9fb7e13f385da34680e829c08198960a49440e,match
forall_opus_low,381,reviewed_accepted,accepted,reviewed_result,retained_run,1,,82.5,df45ff5a4ab9af7ec8bce013f62bf00655525f40102d4b1bd56c3b791d884610,df45ff5a4ab9af7ec8bce013f62bf00655525f40102d4b1bd56c3b791d884610,match
forall_opus_low,392,reviewed_accepted,accepted,reviewed_result,retained_run,1,,24.4,5d998edc06526165e780ae59ed9a86c3d290052197a18904de49c95206dc26cf,5d998edc06526165e780ae59ed9a86c3d290052197a18904de49c95206dc26cf,match
forall_opus_low,396,reviewed_accepted,accepted,reviewed_result,retained_run,1,,17.9,a9f618b11d5e110794fb60c862f1a8992406db5de1c055754003da45faea2228,a9f618b11d5e110794fb60c862f1a8992406db5de1c055754003da45faea2228,match
forall_opus_low,444,reviewed_accepted,accepted,reviewed_result,retained_run,4,,128.8,f275d37125e985de0868336312736a255da4e587a294ce1bf186591043b1c1ec,f275d37125e985de0868336312736a255da4e587a294ce1bf186591043b1c1ec,match
forall_opus_low,445,reviewed_accepted,accepted,reviewed_result,retained_run,1,,59.0,9567add3b2b1c6cfa8f7b713b0e34048c44dee7c0d049bfe571c60fe6051ff16,9567add3b2b1c6cfa8f7b713b0e34048c44dee7c0d049bfe571c60fe6051ff16,match
forall_opus_low,446,reviewed_accepted,accepted,reviewed_result,retained_run,1,,44.9,b6bd8bfa2c911edfde0203f712d0bfa46bf03377605cc75edd0ba236de4341ba,b6bd8bfa2c911edfde0203f712d0bfa46bf03377605cc75edd0ba236de4341ba,match
forall_opus_low,447,reviewed_accepted,accepted,reviewed_result,retained_run,2,,145.0,028c4d4e7bc8d0b8f8547740d6d98d433737894b65a5af334c9512cfaa6deee7,028c4d4e7bc8d0b8f8547740d6d98d433737894b65a5af334c9512cfaa6deee7,match
forall_opus_low,450,reviewed_accepted,accepted,reviewed_result,retained_run,2,,118.2,dd5be953322ea6f6224411947808d1802cd160b1ed227dbeca6464684319ca2e,dd5be953322ea6f6224411947808d1802cd160b1ed227dbeca6464684319ca2e,match
forall_opus_low,451,reviewed_accepted,accepted,reviewed_result,retained_run,1,,24.2,7f85f7b5a320b1a30cc9b7f1f98352f68ea456d86a05fe95a475cd0441d6b7f5,7f85f7b5a320b1a30cc9b7f1f98352f68ea456d86a05fe95a475cd0441d6b7f5,match
forall_opus_low,452,reviewed_accepted,accepted,reviewed_result,retained_run,2,,68.5,c3c3000dae2d553fd83d01d40e3ad1312374e164983e5f155d6e4c2cabe5fe01,c3c3000dae2d553fd83d01d40e3ad1312374e164983e5f155d6e4c2cabe5fe01,match
forall_opus_low,453,reviewed_accepted,accepted,reviewed_result,retained_run,1,,107.0,24f8be1d27c01ed8f4f197153f0896c16a08c91d5573df5cd7b0c758b60dac2f,24f8be1d27c01ed8f4f197153f0896c16a08c91d5573df5cd7b0c758b60dac2f,match
forall_opus_low,454,reviewed_accepted,accepted,reviewed_result,retained_run,1,,119.4,79f7b948338323571cc3557b406ea9578604c8f7cfb9ce7f4ed106d8c34c9ae3,79f7b948338323571cc3557b406ea9578604c8f7cfb9ce7f4ed106d8c34c9ae3,match
forall_opus_low,455,reviewed_accepted,accepted,reviewed_result,retained_run,3,,105.6,57fe17e5b1a9828ea5f2e37348b9d78c9dcd640d4c57ff24eec5d3221b6285b6,57fe17e5b1a9828ea5f2e37348b9d78c9dcd640d4c57ff24eec5d3221b6285b6,match
forall_opus_low,456,reviewed_accepted,accepted,reviewed_result,retained_run,1,,19.2,46277d4a80276132ce65a2bc56078903d177ad1dfb9f3e36a6a7bbba3e44dea2,46277d4a80276132ce65a2bc56078903d177ad1dfb9f3e36a6a7bbba3e44dea2,match
forall_opus_low,457,reviewed_accepted,accepted,reviewed_result,retained_run,2,,88.2,cad9d61e50c68802780ee0439f68a89e31d4163b3f79c62f040b8f825537a586,cad9d61e50c68802780ee0439f68a89e31d4163b3f79c62f040b8f825537a586,match
forall_opus_low,458,reviewed_accepted,accepted,reviewed_result,retained_run,1,,53.0,e5bf9ecdfa02f55944d49d7fa263d9e6265e81544224689cfe49821f4a0f432e,e5bf9ecdfa02f55944d49d7fa263d9e6265e81544224689cfe49821f4a0f432e,match
forall_opus_low,459,reviewed_accepted,accepted,reviewed_result,retained_run,1,,84.8,e78a479f144fb409c88592acd30b034a159c1e5464cf6db08f6083d1361a9450,e78a479f144fb409c88592acd30b034a159c1e5464cf6db08f6083d1361a9450,match
forall_opus_low,460,reviewed_accepted,accepted,reviewed_result,retained_run,1,,59.7,27976b7dfaaad3240dde87a87731ffb1352c67fecc3b9cd5a86ceedcef349ec5,27976b7dfaaad3240dde87a87731ffb1352c67fecc3b9cd5a86ceedcef349ec5,match
forall_opus_low,462,reviewed_accepted,accepted,reviewed_result,retained_run,1,,28.1,ef80495ab668137818efdf77a44597257ffe04a7fe082dd2ce6907d334b94915,ef80495ab668137818efdf77a44597257ffe04a7fe082dd2ce6907d334b94915,match
forall_opus_low,466,reviewed_accepted,accepted,reviewed_result,retained_run,2,,96.0,e1494ebebf7ad1f63b8a3337b56287439d9cbbdb1dad4a9bf1a62a21a51ff0ce,e1494ebebf7ad1f63b8a3337b56287439d9cbbdb1dad4a9bf1a62a21a51ff0ce,match
forall_opus_low,467,reviewed_accepted,accepted,reviewed_result,retained_run,1,,19.0,28c747f992f60a7b795ae916d537f10ae563fb230f611bd50c46aaa8c84bf15a,28c747f992f60a7b795ae916d537f10ae563fb230f611bd50c46aaa8c84bf15a,match
forall_opus_low,468,reviewed_accepted,accepted,reviewed_result,retained_run,1,,57.1,c8cb9a5bb77591233737e7bfdf6de09d40dd30c2f58aa343c10d2b51a9d6d389,c8cb9a5bb77591233737e7bfdf6de09d40dd30c2f58aa343c10d2b51a9d6d389,match
forall_opus_low,469,reviewed_accepted,accepted,reviewed_result,retained_run,1,,278.8,1a8066ec402d56fcdc596a549e638395b851cc1922b6e8ba2c061ffd6e68b95b,1a8066ec402d56fcdc596a549e638395b851cc1922b6e8ba2c061ffd6e68b95b,match
forall_opus_low,471,reviewed_accepted,accepted,reviewed_result,retained_run,1,,76.7,8b51d2ee5e414233c26fa06a8177eb170adc29303fea7ba2d997800cf2d7ef1b,8b51d2ee5e414233c26fa06a8177eb170adc29303fea7ba2d997800cf2d7ef1b,match
forall_opus_low,472,reviewed_accepted,accepted,reviewed_result,retained_run,2,,39.9,80464d25a584e9b20790bdd76f2e07aefbe0c0ddc4e93d9da0f113bc3ccfdf09,80464d25a584e9b20790bdd76f2e07aefbe0c0ddc4e93d9da0f113bc3ccfdf09,match
forall_opus_low,473,reviewed_accepted,accepted,reviewed_result,retained_run,1,,29.8,a2d99ba9f05873b7bd477494a550b1aa93e3bd8f70b7acd2949950dcb79bbea6,a2d99ba9f05873b7bd477494a550b1aa93e3bd8f70b7acd2949950dcb79bbea6,match
claude_fable_low,4,solved,accepted,result,retained_run,,1,,,e3b0c44298fc1c149afbf4c8996fb92427ae41e4649b934ca495991b7852b855,unrecorded
claude_fable_low,5,solved,accepted,result,retained_run,,1,,,e3b0c44298fc1c149afbf4c8996fb92427ae41e4649b934ca495991b7852b855,unrecorded
claude_fable_low,14,solved,accepted,result,retained_run,,1,,,e3b0c44298fc1c149afbf4c8996fb92427ae41e4649b934ca495991b7852b855,unrecorded
claude_fable_low,15,solved,accepted,result,retained_run,,1,,,e3b0c44298fc1c149afbf4c8996fb92427ae41e4649b934ca495991b7852b855,unrecorded
claude_fable_low,29,solved,accepted,result,retained_run,,1,,,e3b0c44298fc1c149afbf4c8996fb92427ae41e4649b934ca495991b7852b855,unrecorded
claude_fable_low,121,failed,not_accepted,result,retained_run,,,,,e3b0c44298fc1c149afbf4c8996fb92427ae41e4649b934ca495991b7852b855,unrecorded
claude_fable_low,122,solved,accepted,result,retained_run,,1,,,e3b0c44298fc1c149afbf4c8996fb92427ae41e4649b934ca495991b7852b855,unrecorded
claude_fable_low,123,solved,accepted,result,retained_run,,1,,,e3b0c44298fc1c149afbf4c8996fb92427ae41e4649b934ca495991b7852b855,unrecorded
claude_fable_low,124,solved,accepted,result,retained_run,,1,,,e3b0c44298fc1c149afbf4c8996fb92427ae41e4649b934ca495991b7852b855,unrecorded
claude_fable_low,125,solved,accepted,result,retained_run,,1,,,e3b0c44298fc1c149afbf4c8996fb92427ae41e4649b934ca495991b7852b855,unrecorded
claude_fable_low,126,solved,accepted,result,retained_run,,1,,,e3b0c44298fc1c149afbf4c8996fb92427ae41e4649b934ca495991b7852b855,unrecorded
claude_fable_low,127,solved,accepted,result,retained_run,,1,,,e3b0c44298fc1c149afbf4c8996fb92427ae41e4649b934ca495991b7852b855,unrecorded
claude_fable_low,128,solved,accepted,result,retained_run,,1,,,e3b0c44298fc1c149afbf4c8996fb92427ae41e4649b934ca495991b7852b855,unrecorded
claude_fable_low,129,solved,accepted,result,retained_run,,2,,,e3b0c44298fc1c149afbf4c8996fb92427ae41e4649b934ca495991b7852b855,unrecorded
claude_fable_low,131,solved,accepted,result,retained_run,,1,,,e3b0c44298fc1c149afbf4c8996fb92427ae41e4649b934ca495991b7852b855,unrecorded
claude_fable_low,132,solved,accepted,result,retained_run,,1,,,e3b0c44298fc1c149afbf4c8996fb92427ae41e4649b934ca495991b7852b855,unrecorded
claude_fable_low,133,solved,accepted,result,retained_run,,1,,,e3b0c44298fc1c149afbf4c8996fb92427ae41e4649b934ca495991b7852b855,unrecorded
claude_fable_low,134,solved,accepted,result,retained_run,,1,,,e3b0c44298fc1c149afbf4c8996fb92427ae41e4649b934ca495991b7852b855,unrecorded
claude_fable_low,135,failed,not_accepted,result,retained_run,,,,,e3b0c44298fc1c149afbf4c8996fb92427ae41e4649b934ca495991b7852b855,unrecorded
claude_fable_low,136,solved,accepted,result,retained_run,,1,,,e3b0c44298fc1c149afbf4c8996fb92427ae41e4649b934ca495991b7852b855,unrecorded
claude_fable_low,137,solved,accepted,result,retained_run,,1,,,e3b0c44298fc1c149afbf4c8996fb92427ae41e4649b934ca495991b7852b855,unrecorded
claude_fable_low,138,failed,not_accepted,result,retained_run,,,,,e3b0c44298fc1c149afbf4c8996fb92427ae41e4649b934ca495991b7852b855,unrecorded
claude_fable_low,139,solved,accepted,result,retained_run,,1,,,e3b0c44298fc1c149afbf4c8996fb92427ae41e4649b934ca495991b7852b855,unrecorded
claude_fable_low,140,solved,accepted,result,retained_run,,4,,,e3b0c44298fc1c149afbf4c8996fb92427ae41e4649b934ca495991b7852b855,unrecorded
claude_fable_low,141,solved,accepted,result,retained_run,,1,,,e3b0c44298fc1c149afbf4c8996fb92427ae41e4649b934ca495991b7852b855,unrecorded
claude_fable_low,142,solved,accepted,result,retained_run,,1,,,e3b0c44298fc1c149afbf4c8996fb92427ae41e4649b934ca495991b7852b855,unrecorded
claude_fable_low,143,solved,accepted,result,retained_run,,1,,,e3b0c44298fc1c149afbf4c8996fb92427ae41e4649b934ca495991b7852b855,unrecorded
claude_fable_low,144,failed,not_accepted,result,retained_run,,,,,e3b0c44298fc1c149afbf4c8996fb92427ae41e4649b934ca495991b7852b855,unrecorded
claude_fable_low,145,solved,accepted,result,retained_run,,1,,,e3b0c44298fc1c149afbf4c8996fb92427ae41e4649b934ca495991b7852b855,unrecorded
claude_fable_low,146,solved,accepted,result,retained_run,,1,,,e3b0c44298fc1c149afbf4c8996fb92427ae41e4649b934ca495991b7852b855,unrecorded
claude_fable_low,147,solved,accepted,result,retained_run,,1,,,e3b0c44298fc1c149afbf4c8996fb92427ae41e4649b934ca495991b7852b855,unrecorded
claude_fable_low,148,solved,accepted,result,retained_run,,1,,,e3b0c44298fc1c149afbf4c8996fb92427ae41e4649b934ca495991b7852b855,unrecorded
claude_fable_low,149,solved,accepted,result,retained_run,,1,,,e3b0c44298fc1c149afbf4c8996fb92427ae41e4649b934ca495991b7852b855,unrecorded
claude_fable_low,150,solved,accepted,result,retained_run,,1,,,e3b0c44298fc1c149afbf4c8996fb92427ae41e4649b934ca495991b7852b855,unrecorded
claude_fable_low,152,solved,accepted,result,retained_run,,1,,,e3b0c44298fc1c149afbf4c8996fb92427ae41e4649b934ca495991b7852b855,unrecorded
claude_fable_low,153,solved,accepted,result,retained_run,,1,,,e3b0c44298fc1c149afbf4c8996fb92427ae41e4649b934ca495991b7852b855,unrecorded
claude_fable_low,154,solved,accepted,result,retained_run,,1,,,e3b0c44298fc1c149afbf4c8996fb92427ae41e4649b934ca495991b7852b855,unrecorded
claude_fable_low,155,solved,accepted,result,retained_run,,1,,,e3b0c44298fc1c149afbf4c8996fb92427ae41e4649b934ca495991b7852b855,unrecorded
claude_fable_low,156,solved,accepted,result,retained_run,,1,,,e3b0c44298fc1c149afbf4c8996fb92427ae41e4649b934ca495991b7852b855,unrecorded
claude_fable_low,157,solved,accepted,result,retained_run,,1,,,e3b0c44298fc1c149afbf4c8996fb92427ae41e4649b934ca495991b7852b855,unrecorded
claude_fable_low,158,solved,accepted,result,retained_run,,1,,,e3b0c44298fc1c149afbf4c8996fb92427ae41e4649b934ca495991b7852b855,unrecorded
claude_fable_low,159,solved,accepted,result,retained_run,,1,,,e3b0c44298fc1c149afbf4c8996fb92427ae41e4649b934ca495991b7852b855,unrecorded
claude_fable_low,160,solved,accepted,result,retained_run,,1,,,e3b0c44298fc1c149afbf4c8996fb92427ae41e4649b934ca495991b7852b855,unrecorded
claude_fable_low,161,solved,accepted,result,retained_run,,1,,,e3b0c44298fc1c149afbf4c8996fb92427ae41e4649b934ca495991b7852b855,unrecorded
claude_fable_low,163,solved,accepted,result,retained_run,,1,,,e3b0c44298fc1c149afbf4c8996fb92427ae41e4649b934ca495991b7852b855,unrecorded
claude_fable_low,164,solved,accepted,result,retained_run,,1,,,e3b0c44298fc1c149afbf4c8996fb92427ae41e4649b934ca495991b7852b855,unrecorded
claude_fable_low,165,solved,accepted,result,retained_run,,1,,,e3b0c44298fc1c149afbf4c8996fb92427ae41e4649b934ca495991b7852b855,unrecorded
claude_fable_low,168,solved,accepted,result,retained_run,,1,,,e3b0c44298fc1c149afbf4c8996fb92427ae41e4649b934ca495991b7852b855,unrecorded
claude_fable_low,169,solved,accepted,result,retained_run,,1,,,e3b0c44298fc1c149afbf4c8996fb92427ae41e4649b934ca495991b7852b855,unrecorded
claude_fable_low,171,solved,accepted,result,retained_run,,1,,,e3b0c44298fc1c149afbf4c8996fb92427ae41e4649b934ca495991b7852b855,unrecorded
claude_fable_low,176,solved,accepted,result,retained_run,,1,,,e3b0c44298fc1c149afbf4c8996fb92427ae41e4649b934ca495991b7852b855,unrecorded
claude_fable_low,178,solved,accepted,result,retained_run,,1,,,e3b0c44298fc1c149afbf4c8996fb92427ae41e4649b934ca495991b7852b855,unrecorded
claude_fable_low,194,solved,accepted,result,retained_run,,1,,,e3b0c44298fc1c149afbf4c8996fb92427ae41e4649b934ca495991b7852b855,unrecorded
claude_fable_low,222,solved,accepted,result,retained_run,,1,,,e3b0c44298fc1c149afbf4c8996fb92427ae41e4649b934ca495991b7852b855,unrecorded
claude_fable_low,245,solved,accepted,result,retained_run,,1,,,e3b0c44298fc1c149afbf4c8996fb92427ae41e4649b934ca495991b7852b855,unrecorded
claude_fable_low,246,solved,accepted,result,retained_run,,1,,,e3b0c44298fc1c149afbf4c8996fb92427ae41e4649b934ca495991b7852b855,unrecorded
claude_fable_low,247,solved,accepted,result,retained_run,,1,,,e3b0c44298fc1c149afbf4c8996fb92427ae41e4649b934ca495991b7852b855,unrecorded
claude_fable_low,249,solved,accepted,result,retained_run,,1,,,e3b0c44298fc1c149afbf4c8996fb92427ae41e4649b934ca495991b7852b855,unrecorded
claude_fable_low,250,solved,accepted,result,retained_run,,1,,,e3b0c44298fc1c149afbf4c8996fb92427ae41e4649b934ca495991b7852b855,unrecorded
claude_fable_low,265,solved,accepted,result,retained_run,,1,,,e3b0c44298fc1c149afbf4c8996fb92427ae41e4649b934ca495991b7852b855,unrecorded
claude_fable_low,266,solved,accepted,result,retained_run,,1,,,e3b0c44298fc1c149afbf4c8996fb92427ae41e4649b934ca495991b7852b855,unrecorded
claude_fable_low,268,solved,accepted,result,retained_run,,1,,,e3b0c44298fc1c149afbf4c8996fb92427ae41e4649b934ca495991b7852b855,unrecorded
claude_fable_low,271,solved,accepted,result,retained_run,,1,,,e3b0c44298fc1c149afbf4c8996fb92427ae41e4649b934ca495991b7852b855,unrecorded
claude_fable_low,272,solved,accepted,result,retained_run,,1,,,e3b0c44298fc1c149afbf4c8996fb92427ae41e4649b934ca495991b7852b855,unrecorded
claude_fable_low,273,solved,accepted,result,retained_run,,1,,,e3b0c44298fc1c149afbf4c8996fb92427ae41e4649b934ca495991b7852b855,unrecorded
claude_fable_low,274,solved,accepted,result,retained_run,,1,,,e3b0c44298fc1c149afbf4c8996fb92427ae41e4649b934ca495991b7852b855,unrecorded
claude_fable_low,275,solved,accepted,result,retained_run,,2,,,e3b0c44298fc1c149afbf4c8996fb92427ae41e4649b934ca495991b7852b855,unrecorded
claude_fable_low,277,solved,accepted,result,retained_run,,3,,,e3b0c44298fc1c149afbf4c8996fb92427ae41e4649b934ca495991b7852b855,unrecorded
claude_fable_low,281,solved,accepted,result,retained_run,,3,,,e3b0c44298fc1c149afbf4c8996fb92427ae41e4649b934ca495991b7852b855,unrecorded
claude_fable_low,356,solved,accepted,result,retained_run,,2,,,e3b0c44298fc1c149afbf4c8996fb92427ae41e4649b934ca495991b7852b855,unrecorded
claude_fable_low,357,solved,accepted,result,retained_run,,1,,,e3b0c44298fc1c149afbf4c8996fb92427ae41e4649b934ca495991b7852b855,unrecorded
claude_fable_low,359,solved,accepted,result,retained_run,,1,,,e3b0c44298fc1c149afbf4c8996fb92427ae41e4649b934ca495991b7852b855,unrecorded
claude_fable_low,361,solved,accepted,result,retained_run,,1,,,e3b0c44298fc1c149afbf4c8996fb92427ae41e4649b934ca495991b7852b855,unrecorded
claude_fable_low,378,solved,accepted,result,retained_run,,1,,,e3b0c44298fc1c149afbf4c8996fb92427ae41e4649b934ca495991b7852b855,unrecorded
claude_fable_low,381,solved,accepted,result,retained_run,,1,,,e3b0c44298fc1c149afbf4c8996fb92427ae41e4649b934ca495991b7852b855,unrecorded
claude_fable_low,392,solved,accepted,result,retained_run,,2,,,e3b0c44298fc1c149afbf4c8996fb92427ae41e4649b934ca495991b7852b855,unrecorded
claude_fable_low,396,solved,accepted,result,retained_run,,1,,,e3b0c44298fc1c149afbf4c8996fb92427ae41e4649b934ca495991b7852b855,unrecorded
claude_fable_low,444,solved,accepted,result,retained_run,,2,,,e3b0c44298fc1c149afbf4c8996fb92427ae41e4649b934ca495991b7852b855,unrecorded
claude_fable_low,445,solved,accepted,result,retained_run,,1,,,e3b0c44298fc1c149afbf4c8996fb92427ae41e4649b934ca495991b7852b855,unrecorded
claude_fable_low,446,solved,accepted,result,retained_run,,1,,,e3b0c44298fc1c149afbf4c8996fb92427ae41e4649b934ca495991b7852b855,unrecorded
claude_fable_low,447,solved,accepted,result,retained_run,,3,,,e3b0c44298fc1c149afbf4c8996fb92427ae41e4649b934ca495991b7852b855,unrecorded
claude_fable_low,450,solved,accepted,result,retained_run,,1,,,e3b0c44298fc1c149afbf4c8996fb92427ae41e4649b934ca495991b7852b855,unrecorded
claude_fable_low,451,solved,accepted,result,retained_run,,1,,,e3b0c44298fc1c149afbf4c8996fb92427ae41e4649b934ca495991b7852b855,unrecorded
claude_fable_low,452,solved,accepted,result,retained_run,,2,,,e3b0c44298fc1c149afbf4c8996fb92427ae41e4649b934ca495991b7852b855,unrecorded
claude_fable_low,453,solved,accepted,result,retained_run,,1,,,e3b0c44298fc1c149afbf4c8996fb92427ae41e4649b934ca495991b7852b855,unrecorded
claude_fable_low,454,solved,accepted,result,retained_run,,1,,,e3b0c44298fc1c149afbf4c8996fb92427ae41e4649b934ca495991b7852b855,unrecorded
claude_fable_low,455,solved,accepted,result,retained_run,,2,,,e3b0c44298fc1c149afbf4c8996fb92427ae41e4649b934ca495991b7852b855,unrecorded
claude_fable_low,456,solved,accepted,result,retained_run,,1,,,e3b0c44298fc1c149afbf4c8996fb92427ae41e4649b934ca495991b7852b855,unrecorded
claude_fable_low,457,solved,accepted,result,retained_run,,1,,,e3b0c44298fc1c149afbf4c8996fb92427ae41e4649b934ca495991b7852b855,unrecorded
claude_fable_low,458,solved,accepted,result,retained_run,,2,,,e3b0c44298fc1c149afbf4c8996fb92427ae41e4649b934ca495991b7852b855,unrecorded
claude_fable_low,459,solved,accepted,result,retained_run,,2,,,e3b0c44298fc1c149afbf4c8996fb92427ae41e4649b934ca495991b7852b855,unrecorded
claude_fable_low,460,solved,accepted,result,retained_run,,1,,,e3b0c44298fc1c149afbf4c8996fb92427ae41e4649b934ca495991b7852b855,unrecorded
claude_fable_low,462,solved,accepted,result,retained_run,,1,,,e3b0c44298fc1c149afbf4c8996fb92427ae41e4649b934ca495991b7852b855,unrecorded
claude_fable_low,466,solved,accepted,result,retained_run,,1,,,e3b0c44298fc1c149afbf4c8996fb92427ae41e4649b934ca495991b7852b855,unrecorded
claude_fable_low,467,solved,accepted,result,retained_run,,1,,,e3b0c44298fc1c149afbf4c8996fb92427ae41e4649b934ca495991b7852b855,unrecorded
claude_fable_low,468,solved,accepted,result,retained_run,,1,,,e3b0c44298fc1c149afbf4c8996fb92427ae41e4649b934ca495991b7852b855,unrecorded
claude_fable_low,469,solved,accepted,result,retained_run,,3,,,474385a419c3859b4f07acd02bd6d3e1b9bb44516e13451c60023085333322f2,unrecorded
claude_fable_low,471,solved,accepted,result,retained_run,,1,,,e3b0c44298fc1c149afbf4c8996fb92427ae41e4649b934ca495991b7852b855,unrecorded
claude_fable_low,472,solved,accepted,result,retained_run,,1,,,e3b0c44298fc1c149afbf4c8996fb92427ae41e4649b934ca495991b7852b855,unrecorded
claude_fable_low,473,solved,accepted,result,retained_run,,2,,,e3b0c44298fc1c149afbf4c8996fb92427ae41e4649b934ca495991b7852b855,unrecorded
forall_fable_low,4,review_exhausted,accepted,review_parser_recovery,retained_run,5,,50.2,2a2814034c8f16c008e8c036c9d135bd7eaa81dc9caa9bd6c094d7ae9314a097,2a2814034c8f16c008e8c036c9d135bd7eaa81dc9caa9bd6c094d7ae9314a097,match
forall_fable_low,5,reviewed_accepted,accepted,reviewed_result,retained_run,1,,104.0,a62a7554a579446c279609e87cd4db8ef6b1a09f4e86c07ff059500b6445b579,a62a7554a579446c279609e87cd4db8ef6b1a09f4e86c07ff059500b6445b579,match
forall_fable_low,14,review_exhausted,accepted,review_parser_recovery,retained_run,5,,27.7,581de2be47da05b74652fddc8477fb3ec206fff39eb1cb517d84470f6c1046af,581de2be47da05b74652fddc8477fb3ec206fff39eb1cb517d84470f6c1046af,match
forall_fable_low,15,reviewed_accepted,accepted,reviewed_result,retained_run,1,,97.2,e769be396ed14a0eadaa29adf762d5cb7332d1f90ab45359329575cc3622072e,e769be396ed14a0eadaa29adf762d5cb7332d1f90ab45359329575cc3622072e,match
forall_fable_low,29,reviewed_accepted,accepted,reviewed_result,retained_run,4,,49.7,ddd30008fce62a4ad2c7b0b8b805fd5bc2a125825ab6736968cacec4bee52812,ddd30008fce62a4ad2c7b0b8b805fd5bc2a125825ab6736968cacec4bee52812,match
forall_fable_low,121,reviewed_accepted,accepted,reviewed_result,retained_run,4,,1609.0,364ad045da85f7e117873ea27edd23e989625a67ed5382053c6d0fe87330afa9,364ad045da85f7e117873ea27edd23e989625a67ed5382053c6d0fe87330afa9,match
forall_fable_low,122,review_exhausted,accepted,review_parser_recovery,retained_run,5,,613.2,f00d7cbd92720e7971992f25b5a341ffa648fbbeba7ed34be2de1c26346e059b,f00d7cbd92720e7971992f25b5a341ffa648fbbeba7ed34be2de1c26346e059b,match
forall_fable_low,123,review_exhausted,accepted,review_parser_recovery,retained_run,5,,251.9,6a792263af151b5959fe11fc5322daa44e53bfc3daa70b9082f5125cf4abfac3,6a792263af151b5959fe11fc5322daa44e53bfc3daa70b9082f5125cf4abfac3,match
forall_fable_low,124,reviewed_accepted,accepted,reviewed_result,retained_run,1,,47.2,9f0879175ec401685463c12204cb1ca14dfe81813cd704a6da4adb8d8d98762b,9f0879175ec401685463c12204cb1ca14dfe81813cd704a6da4adb8d8d98762b,match
forall_fable_low,125,reviewed_accepted,accepted,reviewed_result,retained_run,4,,66.0,41ffc69a8e129e8188f56ae6919c15b0cdeffee9a8dcdb6930a463d8fc21f7bc,41ffc69a8e129e8188f56ae6919c15b0cdeffee9a8dcdb6930a463d8fc21f7bc,match
forall_fable_low,126,review_exhausted,accepted,review_parser_recovery,retained_run,5,,184.0,e2bd1abe840626dbc6bd391caa44c27656bf27408c12276842c727a6a4056812,e2bd1abe840626dbc6bd391caa44c27656bf27408c12276842c727a6a4056812,match
forall_fable_low,127,reviewed_accepted,accepted,reviewed_result,retained_run,2,,171.5,a25cee450a1ebcd57ddc3de6c8840f000a72bc0f8df5d105a1fe15621c72109e,a25cee450a1ebcd57ddc3de6c8840f000a72bc0f8df5d105a1fe15621c72109e,match
forall_fable_low,128,reviewed_accepted,accepted,reviewed_result,retained_run,4,,421.0,c19cf9d9ac333ecbb2ade17e9e67afe889f9e76dcfd81998af35cbd4ed795a3f,c19cf9d9ac333ecbb2ade17e9e67afe889f9e76dcfd81998af35cbd4ed795a3f,match
forall_fable_low,129,reviewed_accepted,accepted,reviewed_result,retained_run,4,,208.3,38daea0e906641006faaadb5b7d200e65f029df348a87b0ff36156d3b4b21733,38daea0e906641006faaadb5b7d200e65f029df348a87b0ff36156d3b4b21733,match
forall_fable_low,131,review_exhausted,accepted,review_parser_recovery,retained_run,5,,37.2,1eea6764b47cbae110b6c78f0d2575c4fc4db14468566253349148ead921d6a7,1eea6764b47cbae110b6c78f0d2575c4fc4db14468566253349148ead921d6a7,match
forall_fable_low,132,review_exhausted,accepted,review_parser_recovery,retained_run,5,,82.7,9ba1918d16d9eda5749af925fe6590a72578b146c7ff6a672b6f5c779e46e285,9ba1918d16d9eda5749af925fe6590a72578b146c7ff6a672b6f5c779e46e285,match
forall_fable_low,133,reviewed_accepted,accepted,reviewed_result,retained_run,4,,127.8,eb144f2a60a459c7b9515ded8575ae9ad024b2360cccd3bc7dcf0368818cbb4a,eb144f2a60a459c7b9515ded8575ae9ad024b2360cccd3bc7dcf0368818cbb4a,match
forall_fable_low,134,reviewed_accepted,accepted,reviewed_result,retained_run,2,,170.7,73c3ef27be41310292befb7709f77f49f9e58717443e17c307f8a1439d227d85,73c3ef27be41310292befb7709f77f49f9e58717443e17c307f8a1439d227d85,match
forall_fable_low,135,reviewed_accepted,accepted,reviewed_result,retained_run,1,,74.1,57b615bb505ee9986efe3c5e62cbfd17a1d40d5850b0f1289f5fd20d1534cd08,57b615bb505ee9986efe3c5e62cbfd17a1d40d5850b0f1289f5fd20d1534cd08,match
forall_fable_low,136,review_exhausted,accepted,review_parser_recovery,retained_run,5,,42.9,1351ed971d951133e118e9250814c7f08561980ea46968f88658c9e0ca01f124,1351ed971d951133e118e9250814c7f08561980ea46968f88658c9e0ca01f124,match
forall_fable_low,137,reviewed_accepted,accepted,reviewed_result,retained_run,5,,46.7,495a9e571b87c072784882c4eed1c707ba5f649ec6afa14582036d053739bfc6,495a9e571b87c072784882c4eed1c707ba5f649ec6afa14582036d053739bfc6,match
forall_fable_low,138,reviewed_accepted,accepted,reviewed_result,retained_run,2,,106.4,7a14eb6a0cb5c9148b601b85a17b1e7709e0e96d0157d8994931f4f6bd861e58,7a14eb6a0cb5c9148b601b85a17b1e7709e0e96d0157d8994931f4f6bd861e58,match
forall_fable_low,139,review_exhausted,accepted,review_parser_recovery,retained_run,5,,243.6,962811abead106fad368ba42995546f4a3e48dc5158b58461c41a84bbc0dd5e5,962811abead106fad368ba42995546f4a3e48dc5158b58461c41a84bbc0dd5e5,match
forall_fable_low,140,reviewed_accepted,accepted,reviewed_result,retained_run,1,,206.6,f71bc18aac743e866f953b717a34e0a459252adcf65db6e2302edb809c25d1cc,f71bc18aac743e866f953b717a34e0a459252adcf65db6e2302edb809c25d1cc,match
forall_fable_low,141,reviewed_accepted,accepted,reviewed_result,retained_run,1,,46.6,a6ef041b8b56593d96fe3381743e96c55ee38cc44b57ee08740546bd6d090d07,a6ef041b8b56593d96fe3381743e96c55ee38cc44b57ee08740546bd6d090d07,match
forall_fable_low,142,reviewed_accepted,accepted,reviewed_result,retained_run,3,,32.5,c1d3ac95263026e7f5f24ff899e328a2fddb696d27245b03b39c27f9b9921043,c1d3ac95263026e7f5f24ff899e328a2fddb696d27245b03b39c27f9b9921043,match
forall_fable_low,143,reviewed_accepted,accepted,reviewed_result,retained_run,1,,28.3,ab144254af4acdfd89ade6394530999deb93679753e82446df4df8158bf11887,ab144254af4acdfd89ade6394530999deb93679753e82446df4df8158bf11887,match
forall_fable_low,144,reviewed_accepted,accepted,reviewed_result,retained_run,1,,42.7,bd34c4b94ab654155a034c61b3061608879025b762d91c5a457b99beddc61f4e,bd34c4b94ab654155a034c61b3061608879025b762d91c5a457b99beddc61f4e,match
forall_fable_low,145,reviewed_accepted,accepted,reviewed_result,retained_run,3,,253.6,d4f24daf28a7bc7ac468189c9fd9423897db5ef546825f7929f695ff7ed38951,d4f24daf28a7bc7ac468189c9fd9423897db5ef546825f7929f695ff7ed38951,match
forall_fable_low,146,reviewed_accepted,accepted,reviewed_result,retained_run,4,,55.8,043f2234a25243115f58266350e31a312932f76f277beec5d6d459b9eecd52a3,043f2234a25243115f58266350e31a312932f76f277beec5d6d459b9eecd52a3,match
forall_fable_low,147,review_exhausted,accepted,review_parser_recovery,retained_run,5,,305.8,d65887c33f76615b28d4545c9d6012b257bf7e43d575b6eb320406d5b9f99214,d65887c33f76615b28d4545c9d6012b257bf7e43d575b6eb320406d5b9f99214,match
forall_fable_low,148,reviewed_accepted,accepted,reviewed_result,retained_run,2,,43.5,3fa70b90cf2ec5a9adbad73bb4567a0b9b1a6ff9fb371f736437fe961cd34929,3fa70b90cf2ec5a9adbad73bb4567a0b9b1a6ff9fb371f736437fe961cd34929,match
forall_fable_low,149,review_exhausted,accepted,review_parser_recovery,retained_run,5,,102.8,5601bd77a57f4068615be1749729a11f589bf6a280f10cdb217d4bbfc4b63115,5601bd77a57f4068615be1749729a11f589bf6a280f10cdb217d4bbfc4b63115,match
forall_fable_low,150,review_exhausted,accepted,review_parser_recovery,retained_run,5,,66.9,bda534fbfbd5196b71dc069e6039d0db6692b57d6fc4775d70190fd4531c5691,bda534fbfbd5196b71dc069e6039d0db6692b57d6fc4775d70190fd4531c5691,match
forall_fable_low,152,reviewed_accepted,accepted,reviewed_result,retained_run,2,,63.0,43d9277f00a17d0ad92d277b853afc0fb99a2e4ec65bbe14b16ddc31edefff31,43d9277f00a17d0ad92d277b853afc0fb99a2e4ec65bbe14b16ddc31edefff31,match
forall_fable_low,153,reviewed_accepted,accepted,reviewed_result,retained_run,2,,180.2,30e253cb7f86a05861c2718729fd8c0e244f003180443ffe2d61aa025d964e55,30e253cb7f86a05861c2718729fd8c0e244f003180443ffe2d61aa025d964e55,match
forall_fable_low,154,reviewed_accepted,accepted,reviewed_result,retained_run,1,,68.7,0d65d7f00d7bc798f465b4c4c8b3224768df94a8b692f7094f6b2c9a1c855623,0d65d7f00d7bc798f465b4c4c8b3224768df94a8b692f7094f6b2c9a1c855623,match
forall_fable_low,155,reviewed_accepted,accepted,reviewed_result,retained_run,2,,105.1,421b8b5b4a589d0d4d6ad3bade528cdd2af3efbb1862125ca1d81f5ac56ba5ec,421b8b5b4a589d0d4d6ad3bade528cdd2af3efbb1862125ca1d81f5ac56ba5ec,match
forall_fable_low,156,reviewed_accepted,accepted,reviewed_result,retained_run,1,,46.3,7376e40d49a50d58de547ce8393e935bfc58da7663b528636ccfb023aa03c114,7376e40d49a50d58de547ce8393e935bfc58da7663b528636ccfb023aa03c114,match
forall_fable_low,157,reviewed_accepted,accepted,reviewed_result,retained_run,2,,209.1,6df5102385262953fb88322d94d973a7135cf1776fb4649a9ddd016b79b4398d,6df5102385262953fb88322d94d973a7135cf1776fb4649a9ddd016b79b4398d,match
forall_fable_low,158,reviewed_accepted,accepted,reviewed_result,retained_run,3,,56.2,b938fd79598729fe0662ce22066ab10270cae5c031f0e29b638cd2f3d72cd8bb,b938fd79598729fe0662ce22066ab10270cae5c031f0e29b638cd2f3d72cd8bb,match
forall_fable_low,159,reviewed_accepted,accepted,reviewed_result,retained_run,3,,93.5,5d54909edfe79d5ab1222e8a2b8d32abbfb5ad086c4fa6e4bdf252cebd26a1ab,5d54909edfe79d5ab1222e8a2b8d32abbfb5ad086c4fa6e4bdf252cebd26a1ab,match
forall_fable_low,160,reviewed_accepted,accepted,reviewed_result,retained_run,3,,28.0,8f7cc1f76e62142f01d442812b69dac2b0d7c6d5ac331aab8d2e465f7f1f4f17,8f7cc1f76e62142f01d442812b69dac2b0d7c6d5ac331aab8d2e465f7f1f4f17,match
forall_fable_low,161,reviewed_accepted,accepted,reviewed_result,retained_run,5,,148.5,0af9da353b5b79b0223f7093df72699a4f16a8bae22c940c8b8c53493cb2bd1e,0af9da353b5b79b0223f7093df72699a4f16a8bae22c940c8b8c53493cb2bd1e,match
forall_fable_low,163,reviewed_accepted,accepted,reviewed_result,retained_run,1,,88.7,128dd999f500dbd23932f18080791884bd57c0cfcd4d1610834c2096a85e393d,128dd999f500dbd23932f18080791884bd57c0cfcd4d1610834c2096a85e393d,match
forall_fable_low,164,reviewed_accepted,accepted,reviewed_result,retained_run,2,,102.7,fdd430ef893638b132847f72eee9deef8dc51c893db4c33584a202303800f3d3,fdd430ef893638b132847f72eee9deef8dc51c893db4c33584a202303800f3d3,match
forall_fable_low,165,reviewed_accepted,accepted,reviewed_result,retained_run,1,,129.1,de97daa27a57fd26e5f838e4bd6e8c98156a9d694aabd1d8a6ae072485a2fde7,de97daa27a57fd26e5f838e4bd6e8c98156a9d694aabd1d8a6ae072485a2fde7,match
forall_fable_low,168,reviewed_accepted,accepted,reviewed_result,retained_run,3,,60.7,331ad2b03d247d664548a40fa7520452f059a9293ab044e6cda0837e845ff6bb,331ad2b03d247d664548a40fa7520452f059a9293ab044e6cda0837e845ff6bb,match
forall_fable_low,169,reviewed_accepted,accepted,reviewed_result,retained_run,2,,87.1,b411946cd7a36192cfd682ed31005c858c3ba46a63222fc9ada4b54b2f260dec,b411946cd7a36192cfd682ed31005c858c3ba46a63222fc9ada4b54b2f260dec,match
forall_fable_low,171,reviewed_accepted,accepted,reviewed_result,retained_run,1,,75.6,b7387fda4ac688eeeb921dde9b9246e5cba75564602aa133c18378b5d0853bc8,b7387fda4ac688eeeb921dde9b9246e5cba75564602aa133c18378b5d0853bc8,match
forall_fable_low,176,reviewed_accepted,accepted,reviewed_result,retained_run,1,,209.8,c81049becd6382fac0bf7ea6005653efdba29a682deb1469d12bb1166857beb4,c81049becd6382fac0bf7ea6005653efdba29a682deb1469d12bb1166857beb4,match
forall_fable_low,178,reviewed_accepted,accepted,reviewed_result,retained_run,1,,216.9,49cfa4c3294934f0ec971096c56c35ab52286dc3ad0ff248c08f5d4cf24415af,49cfa4c3294934f0ec971096c56c35ab52286dc3ad0ff248c08f5d4cf24415af,match
forall_fable_low,194,reviewed_accepted,accepted,reviewed_result,retained_run,1,,372.4,87bdc5a8e95f58f35c50c76ce8b89eb3add7074ba9c2c2893248f7ccd84ee512,87bdc5a8e95f58f35c50c76ce8b89eb3add7074ba9c2c2893248f7ccd84ee512,match
forall_fable_low,222,reviewed_accepted,accepted,reviewed_result,retained_run,2,,92.8,552d743daf5db8e9c35ca76c167645b0ddbc35c45203aa316a30b38a6e97d51f,552d743daf5db8e9c35ca76c167645b0ddbc35c45203aa316a30b38a6e97d51f,match
forall_fable_low,245,reviewed_accepted,accepted,reviewed_result,retained_run,1,,374.8,58f861749e6ff9bddc8654d8ab4e6e1eae9db376f7a2cc308cec40601f4a1794,58f861749e6ff9bddc8654d8ab4e6e1eae9db376f7a2cc308cec40601f4a1794,match
forall_fable_low,246,reviewed_accepted,accepted,reviewed_result,retained_run,5,,79.4,7a35fd7e635ef60583d297a67ddc7d7014c8a2c5b7d1e2c7a79e4d4147ec290f,7a35fd7e635ef60583d297a67ddc7d7014c8a2c5b7d1e2c7a79e4d4147ec290f,match
forall_fable_low,247,reviewed_accepted,accepted,reviewed_result,retained_run,2,,38.1,0d7d09c6e9bb2618f5cf12c1e219797eca42fc99c737d1cdbd9d847df6c4f021,0d7d09c6e9bb2618f5cf12c1e219797eca42fc99c737d1cdbd9d847df6c4f021,match
forall_fable_low,249,review_exhausted,accepted,review_parser_recovery,retained_run,5,,152.2,3276d02ef0cc84c75c4d5221204372da783eaabb8f46b28542dbb34b3a42b6a4,3276d02ef0cc84c75c4d5221204372da783eaabb8f46b28542dbb34b3a42b6a4,match
forall_fable_low,250,reviewed_accepted,accepted,reviewed_result,retained_run,1,,27.5,5caaa6f23208748e07d07debc311271bbbef498f97d30ba5706a066842b3bd8b,5caaa6f23208748e07d07debc311271bbbef498f97d30ba5706a066842b3bd8b,match
forall_fable_low,265,reviewed_accepted,accepted,reviewed_result,retained_run,3,,94.1,dfe98a275f4583e6a384484966f38cbd7fd09a4a1e9058d4edcead370d042265,dfe98a275f4583e6a384484966f38cbd7fd09a4a1e9058d4edcead370d042265,match
forall_fable_low,266,reviewed_accepted,accepted,reviewed_result,retained_run,1,,82.4,0940e206b14ad9fb627cd4e0b80839c6d166bf913da32bb6f2aa64d542676f42,0940e206b14ad9fb627cd4e0b80839c6d166bf913da32bb6f2aa64d542676f42,match
forall_fable_low,268,reviewed_accepted,accepted,reviewed_result,retained_run,2,,46.5,313d5dd8cb0e2de3f83269d24bad34c1c4218732a44daf0c16739bcf92e83649,313d5dd8cb0e2de3f83269d24bad34c1c4218732a44daf0c16739bcf92e83649,match
forall_fable_low,271,review_exhausted,accepted,review_parser_recovery,retained_run,5,,21.0,920e953aa81920d7a7db27f01ad2e62e9f7ec3f53418baba9e1db995a49958f5,920e953aa81920d7a7db27f01ad2e62e9f7ec3f53418baba9e1db995a49958f5,match
forall_fable_low,272,reviewed_accepted,accepted,reviewed_result,retained_run,4,,70.7,244ed749a3c5b12c037ab6931b33421617df98b0d687f9ea3f57018ca2e44f50,244ed749a3c5b12c037ab6931b33421617df98b0d687f9ea3f57018ca2e44f50,match
forall_fable_low,273,reviewed_accepted,accepted,reviewed_result,retained_run,1,,157.4,057772a6e1cd9c78b7363f3300d92ac012b9e4109a8056af8d92567f39b2f2c9,057772a6e1cd9c78b7363f3300d92ac012b9e4109a8056af8d92567f39b2f2c9,match
forall_fable_low,274,reviewed_accepted,accepted,reviewed_result,retained_run,1,,46.0,ccab41801e793022850e6299f1f9849564dacc1258d96b45250f3e97731ba09a,ccab41801e793022850e6299f1f9849564dacc1258d96b45250f3e97731ba09a,match
forall_fable_low,275,reviewed_accepted,accepted,reviewed_result,retained_run,1,,59.2,bfb3d7b3b9870995b17a269823aca96bcbfd1b523d170be38b0b86c187d8573a,bfb3d7b3b9870995b17a269823aca96bcbfd1b523d170be38b0b86c187d8573a,match
forall_fable_low,277,reviewed_accepted,accepted,reviewed_result,retained_run,1,,157.8,538fa9cb77e483f310e0f88551f5d36f4b8272eb43d3471e52ee63c100302b87,538fa9cb77e483f310e0f88551f5d36f4b8272eb43d3471e52ee63c100302b87,match
forall_fable_low,281,reviewed_accepted,accepted,reviewed_result,retained_run,2,,70.1,d32abd78e367ad5bbd808b8f0d92ba732fa66f0110afef3c4460186f341a3f45,d32abd78e367ad5bbd808b8f0d92ba732fa66f0110afef3c4460186f341a3f45,match
forall_fable_low,356,reviewed_accepted,accepted,reviewed_result,retained_run,1,,213.1,9c72d22b3b77c11fae80f46a3690175db67813541b2cd365f0f9a89cae8c9813,9c72d22b3b77c11fae80f46a3690175db67813541b2cd365f0f9a89cae8c9813,match
forall_fable_low,357,reviewed_accepted,accepted,reviewed_result,retained_run,4,,347.7,671b45bb835eb8c154e23102fb49588dbda3c49ad983e0370ff955a73bbb1c84,671b45bb835eb8c154e23102fb49588dbda3c49ad983e0370ff955a73bbb1c84,match
forall_fable_low,359,reviewed_accepted,accepted,reviewed_result,retained_run,5,,154.9,a4c8171daead8edd06b0b760a1847e9b96ca6e6916a2554d43b9b7a2d4ba1458,a4c8171daead8edd06b0b760a1847e9b96ca6e6916a2554d43b9b7a2d4ba1458,match
forall_fable_low,361,reviewed_accepted,accepted,reviewed_result,retained_run,2,,214.8,bee11e452dabf5015b773dc64b9f72fc4a94921f3f9ea368ae7a1666d7236094,bee11e452dabf5015b773dc64b9f72fc4a94921f3f9ea368ae7a1666d7236094,match
forall_fable_low,378,reviewed_accepted,accepted,reviewed_result,retained_run,2,,177.0,ea9e0c34f6207bdf98e24f98d8e9fc2d6a8b78091480c1722abdcb7aa65eb453,ea9e0c34f6207bdf98e24f98d8e9fc2d6a8b78091480c1722abdcb7aa65eb453,match
forall_fable_low,381,review_exhausted,accepted,review_parser_recovery,retained_run,5,,59.5,b2f850c131b51a8a04a6bc55584287de73f78e2256fb6d188d8421f18fcfcfef,b2f850c131b51a8a04a6bc55584287de73f78e2256fb6d188d8421f18fcfcfef,match
forall_fable_low,392,reviewed_accepted,accepted,reviewed_result,retained_run,1,,28.5,4011ef86b484d0bdee91a0a128040e7f49f6b3e2faaaacbd0fee0de3496df941,4011ef86b484d0bdee91a0a128040e7f49f6b3e2faaaacbd0fee0de3496df941,match
forall_fable_low,396,reviewed_accepted,accepted,reviewed_result,retained_run,2,,26.8,e3c66711342fea8bba87e0e1fc70862a5205989776e1a284b74392d3f9c18168,e3c66711342fea8bba87e0e1fc70862a5205989776e1a284b74392d3f9c18168,match
forall_fable_low,444,review_exhausted,accepted,review_parser_recovery,retained_run,5,,85.3,20c086847af8931d75614e48adfdc80dae1391d9405b2add20fa3a91d2acc7e4,20c086847af8931d75614e48adfdc80dae1391d9405b2add20fa3a91d2acc7e4,match
forall_fable_low,445,reviewed_accepted,accepted,reviewed_result,retained_run,1,,68.0,2c4a0ce6b7e50378076dd593299adafb240a627d8ae575d3d6665ec6fe79abf5,2c4a0ce6b7e50378076dd593299adafb240a627d8ae575d3d6665ec6fe79abf5,match
forall_fable_low,446,reviewed_accepted,accepted,reviewed_result,retained_run,1,,42.5,b6bd8bfa2c911edfde0203f712d0bfa46bf03377605cc75edd0ba236de4341ba,b6bd8bfa2c911edfde0203f712d0bfa46bf03377605cc75edd0ba236de4341ba,match
forall_fable_low,447,reviewed_accepted,accepted,reviewed_result,retained_run,2,,148.3,39766afef026c8477e44fd84eb67690adf76589aa3361bf3b81fa6c68cf0ac19,39766afef026c8477e44fd84eb67690adf76589aa3361bf3b81fa6c68cf0ac19,match
forall_fable_low,450,review_exhausted,accepted,review_parser_recovery,retained_run,5,,101.0,0d9b117cbb4392226d75d661f00d55997d84083379d5126f0a0c7771673528df,0d9b117cbb4392226d75d661f00d55997d84083379d5126f0a0c7771673528df,match
forall_fable_low,451,reviewed_accepted,accepted,reviewed_result,retained_run,2,,32.1,9ee1c7efd05e50850bb0a20b692271d3d5911bc892fdfa078875dbe2e265a47f,9ee1c7efd05e50850bb0a20b692271d3d5911bc892fdfa078875dbe2e265a47f,match
forall_fable_low,452,reviewed_accepted,accepted,reviewed_result,retained_run,3,,81.4,df57965cc465210bc899a7bc08e9f886e6f983f62ac8cc85175d6821f716a5f6,df57965cc465210bc899a7bc08e9f886e6f983f62ac8cc85175d6821f716a5f6,match
forall_fable_low,453,reviewed_accepted,accepted,reviewed_result,retained_run,1,,133.2,de9da463ddf430e24ab6c742e41e27475ad388617eaa94f614f36897fd36e707,de9da463ddf430e24ab6c742e41e27475ad388617eaa94f614f36897fd36e707,match
forall_fable_low,454,reviewed_accepted,accepted,reviewed_result,retained_run,4,,103.4,3ac83c84c54e302a1573d4b81872be7618c067381dde96dd1be18cc115e95baa,3ac83c84c54e302a1573d4b81872be7618c067381dde96dd1be18cc115e95baa,match
forall_fable_low,455,reviewed_accepted,accepted,reviewed_result,retained_run,4,,165.8,1d6cab3d1026c6ff78255f14a0dc4edbfd82f88921f86f76d0b30cc3d0ef01c7,1d6cab3d1026c6ff78255f14a0dc4edbfd82f88921f86f76d0b30cc3d0ef01c7,match
forall_fable_low,456,reviewed_accepted,accepted,reviewed_result,retained_run,5,,24.0,482935f2df91e9cd35d64d85bec7f61638a52eaafe60d630968d931c954531b7,482935f2df91e9cd35d64d85bec7f61638a52eaafe60d630968d931c954531b7,match
forall_fable_low,457,reviewed_accepted,accepted,reviewed_result,retained_run,4,,72.4,58d0c75b7a17f42a06f3e997f2db3e62db4adc3f061acf501a77341ab115e6bb,58d0c75b7a17f42a06f3e997f2db3e62db4adc3f061acf501a77341ab115e6bb,match
forall_fable_low,458,reviewed_accepted,accepted,reviewed_result,retained_run,3,,67.8,4bacc49d0765e630c0892785b8551ec9da47b5d980bad0640bfb73b6918a1c68,4bacc49d0765e630c0892785b8551ec9da47b5d980bad0640bfb73b6918a1c68,match
forall_fable_low,459,reviewed_accepted,accepted,reviewed_result,retained_run,4,,119.4,0b5fe26ed5dda8fc800cf2731d36fcd5085db09ac7093604b0fbe919e4708dd8,0b5fe26ed5dda8fc800cf2731d36fcd5085db09ac7093604b0fbe919e4708dd8,match
forall_fable_low,460,reviewed_accepted,accepted,reviewed_result,retained_run,3,,80.0,d8ffa521d1dda0e3fc3545e709864ce2c3285d544d8b46fc9e5aa06082f12cb1,d8ffa521d1dda0e3fc3545e709864ce2c3285d544d8b46fc9e5aa06082f12cb1,match
forall_fable_low,462,reviewed_accepted,accepted,reviewed_result,retained_run,2,,30.3,ef80495ab668137818efdf77a44597257ffe04a7fe082dd2ce6907d334b94915,ef80495ab668137818efdf77a44597257ffe04a7fe082dd2ce6907d334b94915,match
forall_fable_low,466,reviewed_accepted,accepted,reviewed_result,retained_run,4,,103.4,21f621b296812610268949017eafb442d99c8f53f694b6f135e876b4c5fb5e2e,21f621b296812610268949017eafb442d99c8f53f694b6f135e876b4c5fb5e2e,match
forall_fable_low,467,reviewed_accepted,accepted,reviewed_result,retained_run,1,,26.5,28c747f992f60a7b795ae916d537f10ae563fb230f611bd50c46aaa8c84bf15a,28c747f992f60a7b795ae916d537f10ae563fb230f611bd50c46aaa8c84bf15a,match
forall_fable_low,468,reviewed_accepted,accepted,reviewed_result,retained_run,2,,64.7,b3cf9d463bb496171f08e8bb2b25ea2f1f36da7354f74e3d54739f289daca9b9,b3cf9d463bb496171f08e8bb2b25ea2f1f36da7354f74e3d54739f289daca9b9,match
forall_fable_low,469,reviewed_accepted,accepted,reviewed_result,retained_run,4,,89.2,047b3613e111873f35acfb0a4cc5483bcfc284f860bec8fc94371efcf44c6d71,047b3613e111873f35acfb0a4cc5483bcfc284f860bec8fc94371efcf44c6d71,match
forall_fable_low,471,reviewed_accepted,accepted,reviewed_result,retained_run,3,,34.2,643925f31919dde8db63c7030d496ca6741ad50f01210057ea56815ecb50bc4d,643925f31919dde8db63c7030d496ca6741ad50f01210057ea56815ecb50bc4d,match
forall_fable_low,472,reviewed_accepted,accepted,reviewed_result,retained_run,5,,35.3,8ac4264bf589dd7eb48fffefba33b841103f05064c3b5c92e8ea78ae899e23ba,8ac4264bf589dd7eb48fffefba33b841103f05064c3b5c92e8ea78ae899e23ba,match
forall_fable_low,473,reviewed_accepted,accepted,reviewed_result,retained_run,1,,34.0,30fdfcf021ea07bba9160bc1d5f5e30a4d7c579577a6b93dcca1a355f9357cc0,30fdfcf021ea07bba9160bc1d5f5e30a4d7c579577a6b93dcca1a355f9357cc0,match
numina_fable_low,4,solved,accepted,result,retained_run,,,7.3,,3bab6c9556415a832e479295d95205069463354d6cce822382d3430560289f57,unrecorded
numina_fable_low,5,solved,accepted,result,retained_run,,,7.0,,e70e8da5e66e790bff493b10b69fb8279793e6d7eb1c959be90dadd77f578685,unrecorded
numina_fable_low,14,solved,accepted,result,retained_run,,,7.5,,259da78a82433f14407d778f15fd9ba2c4733611e4afec2e9430c7412669f267,unrecorded
numina_fable_low,15,solved,accepted,result,retained_run,,,11.8,,bf457451d628c275cee427a5408b6ce10933355b5202585d02d9fe1724596d72,unrecorded
numina_fable_low,29,failed,not_accepted,result,retained_run,,,9.1,,349d0617376633482a089fee1d837d5890bae7a6b45663dd9e38c4c9fbd9471a,unrecorded
numina_fable_low,121,solved,accepted,result,retained_run,,,15.6,,76e15b50e5a8045ef07f9b87e46d472d0f47e8e3a16dcc4f826bdf0b59378250,unrecorded
numina_fable_low,122,solved,accepted,result,retained_run,,,16.0,,7a5346f6371c83d051e62aba4490e9c8cc5f08bb784e67dea035f44978e40e64,unrecorded
numina_fable_low,123,solved,accepted,result,retained_run,,,12.4,,84bbcb942517e249da3805bc4567806a83b824cf0b66f42bc0efd226f82946c1,unrecorded
numina_fable_low,124,solved,accepted,result,retained_run,,,8.1,,e5e7145344c122ef1c1f13a379d0a01d707cb13632beb461ed7be8987253baa8,unrecorded
numina_fable_low,125,solved,accepted,result,retained_run,,,9.0,,b9a40d8ca33403aebf0844f615ac5f9509e11ad26d14d6edbf2d403432ca052b,unrecorded
numina_fable_low,126,solved,accepted,result,retained_run,,,10.0,,7984083b403b1fd84ab7a45849e22dd45e7920a9e6bd58ee29b3c8df4033bf87,unrecorded
numina_fable_low,127,solved,accepted,result,retained_run,,,16.2,,dc51cd00f147b7cc705a0b11e6b65672a5e2d00e324eeb62f6ea326f086f6a84,unrecorded
numina_fable_low,128,solved,accepted,result,retained_run,,,11.0,,d5e4020f7a15d92994d0ac67c934b4cd09f6b64e9fe3727cc79da4a3aa68710e,unrecorded
numina_fable_low,129,solved,accepted,result,retained_run,,,9.8,,da0dc0b6ccb107034140db1aa99d1cb2c62c33dd00c04b474eb664cd884aba5c,unrecorded
numina_fable_low,131,solved,accepted,result,retained_run,,,10.6,,5fbdefb84963a627a95227ff5455043df1bdedbc7baffa9272c608b816d059b2,unrecorded
numina_fable_low,132,solved,accepted,result,retained_run,,,9.3,,ffbe37ee8ae0016d613691b2bb48d78e31a37756523e16271a4c5575d2d83bb1,unrecorded
numina_fable_low,133,solved,accepted,result,retained_run,,,8.7,,da1e8606cd925ce5e4c113d3a4174cabfd5fa606886d974969adf2f6f03ae55e,unrecorded
numina_fable_low,134,solved,accepted,result,retained_run,,,11.8,,6d1ffc6a29cacaa198cf9ef9274d21f836470275143a1de9c8f46cdfaaf29d24,unrecorded
numina_fable_low,135,solved,accepted,result,retained_run,,,29.1,,243a4bbe06c451062ab6dd7469a8e3b5a1fa88f6f78803be8766a3db08d2f85e,unrecorded
numina_fable_low,136,solved,accepted,result,retained_run,,,10.1,,b5e78474d78b0985ba1266907a264983ea90defb88749afa5d6fc984357a77f0,unrecorded
numina_fable_low,137,solved,accepted,result,retained_run,,,10.4,,01ad42d6abad7ab23eece98e2fe1a2d81c8870c6aac1b45ce60b8ce6f91451b1,unrecorded
numina_fable_low,138,solved,accepted,result,retained_run,,,10.0,,70a010584bf6eb42d2ab68f2beebeb0e388ade8ade31ae4a40fa2c3d35dcfe0c,unrecorded
numina_fable_low,139,solved,accepted,result,retained_run,,,9.1,,d75c6b329b226b9ba68c2ead2a8c41744cf6f087e51c8ffd2c479769119f9751,unrecorded
numina_fable_low,140,solved,accepted,result,retained_run,,,13.1,,9f3a295fa642e0c14241c3b9edb1c2f72e46063a3ba6b3d6e8bec2ac963b8d8b,unrecorded
numina_fable_low,141,solved,accepted,result,retained_run,,,10.1,,4c5d4f0dc22c75cb856fda810a03e1d94ea16ea1b9e6d0aace1f06b6e489ac3f,unrecorded
numina_fable_low,142,solved,accepted,result,retained_run,,,8.6,,8c373f8b254d08be0d73919f6c74bff6fd3658b4aa8fa704984581ab77789847,unrecorded
numina_fable_low,143,solved,accepted,result,retained_run,,,9.9,,90358fc4e1c4d571cfcf6ec2ae5b5885088a88a1839c40b25f7d34c41a28f37e,unrecorded
numina_fable_low,144,solved,accepted,result,retained_run,,,5.8,,f0482abc337ae7ead9011720299c97cf32d19ccba713c888ab919efc741b3a30,unrecorded
numina_fable_low,145,solved,accepted,result,retained_run,,,9.3,,cc4b77ee88487a8d774251c9fa4a2b311df058c2f0e0ad6400a6d39960ef30ca,unrecorded
numina_fable_low,146,solved,accepted,result,retained_run,,,9.3,,d9956b47bdd9e6dd3b1a2c8bfc963fc08994b4487a5752332cff60c04c9b93ea,unrecorded
numina_fable_low,147,failed,not_accepted,result,retained_run,,,8.9,,7468428ac13f64340cd55d9e6cfa575b3e60ec2cd646c1320cbc09a5f2fa7a0f,unrecorded
numina_fable_low,148,solved,accepted,result,retained_run,,,8.3,,e6c79728858601fd0769aaa7f155b7d6f91f15ca4c09d863b766a154a621c9d7,unrecorded
numina_fable_low,149,solved,accepted,result,retained_run,,,8.5,,b7dfc5bbfb66645d04a4adc3d799a0116733c45a98559d018c34be78f2c24290,unrecorded
numina_fable_low,150,solved,accepted,result,retained_run,,,8.8,,fbd8c0834c8e1753dc964224d726c099ca2604f5fc03e065d34b026d516b6384,unrecorded
numina_fable_low,152,solved,accepted,result,retained_run,,,10.5,,e96df15cba304cfd5300929e3a8e9d582ad5b7f18bb7c3138a05b465c038205e,unrecorded
numina_fable_low,153,solved,accepted,result,retained_run,,,9.0,,5bbce27888066eaa75634c51026ed6c877848a2f187bdffcdb6c5161e2c5e599,unrecorded
numina_fable_low,154,solved,accepted,result,retained_run,,,8.8,,ff5634ab307771836b7520ff061d186dc7ec43b4e585a6ad5f5c69d20cc24019,unrecorded
numina_fable_low,155,solved,accepted,result,retained_run,,,11.9,,e03f6cf37534b23728fba42cddbf5cd3476c600109b3dc988d3dc74cc79e470f,unrecorded
numina_fable_low,156,solved,accepted,result,retained_run,,,7.8,,8c6dc081d861237f8740c095492e5e9a5fb1b3a7db9d4177163e4c4c5d513074,unrecorded
numina_fable_low,157,solved,accepted,result,retained_run,,,10.7,,2b9c5890476a02bbb32b31b6bdd2fc01ddefa51494ca09b96c14c88dfe9e9ac8,unrecorded
numina_fable_low,158,solved,accepted,result,retained_run,,,8.3,,5c0cbf91ec0012c318a78144f1915612f338739eed83bff02010b18f234a519a,unrecorded
numina_fable_low,159,solved,accepted,result,retained_run,,,9.6,,0dafde4a7e4a34f7287fc234bc4668c3555aa600b8bb3879c654511c09c1f010,unrecorded
numina_fable_low,160,solved,accepted,result,retained_run,,,7.7,,d6f6c3e45ecaed60d4fc447617dbb50d76a097eee7bfc5b4c3a346627cb53487,unrecorded
numina_fable_low,161,solved,accepted,result,retained_run,,,12.7,,4317512b12e0947f7ec5b82a4106b7dc3a8febf71f19a62f78327ab0d95294ca,unrecorded
numina_fable_low,163,solved,accepted,result,retained_run,,,10.7,,9fcb0a353b03e07d8ede5afdd9529284821ba61580d7c827bf9ca2c4f2cd5261,unrecorded
numina_fable_low,164,solved,accepted,result,retained_run,,,9.8,,d20e9ef2ef1bd070a4a6e133f6cd761625f56dc9923ca65c42737ab00ab96b4c,unrecorded
numina_fable_low,165,solved,accepted,result,retained_run,,,10.5,,816d8f96f0bdfbbaec94827cbc29775b2ebe4e64783a715bded86dc5286140f5,unrecorded
numina_fable_low,168,solved,accepted,result,retained_run,,,11.8,,e6335d43fb940ae168e436f5d6ca2777353b809f867c0e104859f7ff52b013ab,unrecorded
numina_fable_low,169,solved,accepted,result,retained_run,,,8.0,,1a4acc62fa765fe0917adaae5936339b69060eeaf9c0b61c442961ce081ebc05,unrecorded
numina_fable_low,171,solved,accepted,result,retained_run,,,15.1,,aee8e7276f267d5c9d2850966945bed1b1d38c94e4c1850c26ba5ec7a02b0a8f,unrecorded
numina_fable_low,176,failed,not_accepted,result,retained_run,,,9.6,,f829a9f8e723c14d354839919d1c48694cab13d0e32f688c8ace0c1a0ca8c1d5,unrecorded
numina_fable_low,178,solved,accepted,result,retained_run,,,8.7,,2c23722affff5a84de79d6544c99e809fdde6ed5d54ffcfdbffb3f5879dd1a25,unrecorded
numina_fable_low,194,solved,accepted,result,retained_run,,,7.5,,b0f76c03eb011d5f92089de82e6346b281c8c8acb27c1a0c1116413c5c15e854,unrecorded
numina_fable_low,222,solved,accepted,result,retained_run,,,1.6,,e9d92236c34227a97841a4f8b028598270983d1327cc9543ff406140ee10d2d3,unrecorded
numina_fable_low,245,solved,accepted,result,retained_run,,,5.4,,9b8b4b780a5ee232fb96497848c9d72af6f575e464f2efe77761c389a80dd5db,unrecorded
numina_fable_low,246,solved,accepted,result,retained_run,,,7.9,,b6eff6122d466f2ba33159d13af401c0008fb8c49a837f6f33f17b3e6b1ca1c0,unrecorded
numina_fable_low,247,solved,accepted,result,retained_run,,,4.5,,4793894fcbed887ee02653b8cd9502a6672e34cdb0c8eb575f04c5d5af5471e0,unrecorded
numina_fable_low,249,solved,accepted,result,retained_run,,,5.5,,fdbf15c83da512f0dcc28b85f3187fcb41f949e943dc81eeb1d5608ab863420c,unrecorded
numina_fable_low,250,solved,accepted,result,retained_run,,,4.4,,35343071364d3a8e95e7ade85860d0bac759c5c0e011dc12ee069d5a53151a9b,unrecorded
numina_fable_low,265,solved,accepted,result,retained_run,,,0.5,,d0029bd8e2abe5031ca8e72ebef0536897abe6fcc20fd16c4e116e236e6a30a2,unrecorded
numina_fable_low,266,solved,accepted,result,retained_run,,,0.4,,6b0cf81c81d3fc13470adb3cca20f031db8ab62fa6749883a5c2c84595049dcc,unrecorded
numina_fable_low,268,solved,accepted,result,retained_run,,,0.5,,6658913fca2c053519d356e87ff6b6d891c5b8535be190eec570e7c672b3ef8c,unrecorded
numina_fable_low,271,solved,accepted,result,retained_run,,,2.7,,93152f942712211bfab390c64bc840a0f6cab9385f7804f2fa59751b4392db60,unrecorded
numina_fable_low,272,solved,accepted,result,retained_run,,,4.4,,f39d09c7ebc71c91a551b06f7d31ee077e09f8ea26e4011f1a21f84165cbe3a0,unrecorded
numina_fable_low,273,solved,accepted,result,retained_run,,,2.8,,da2f68afc8615b2f450a6eb652c95ae3dc92d00d044628c141cf00a3baeffa80,unrecorded
numina_fable_low,274,failed,not_accepted,result,retained_run,,,3.7,,b9bd7111a2712c36bf500844034de2a4c39d64604254a81a37191c5b8764cfc6,unrecorded
numina_fable_low,275,failed,not_accepted,result,retained_run,,,3.0,,489a0af96e5aef7fd91ad3e7a85fd4d582b53ca72cdbd255e9a2d9099974bd96,unrecorded
numina_fable_low,277,solved,accepted,result,retained_run,,,6.5,,a2f3c36ffab542983992282b0b145e5e211f4b6b093ece2c4d4332bd6a3dd82a,unrecorded
numina_fable_low,281,solved,accepted,result,retained_run,,,3.2,,c81092c21161227b60b3aa5ea101db925519e5160fe6004ee545bd023717b98f,unrecorded
numina_fable_low,356,solved,accepted,result,retained_run,,,5.5,,8255d8105a99bfbc452b0eb7716c5abed50e9b866c23f03271f24f4bb8f236f2,unrecorded
numina_fable_low,357,solved,accepted,result,retained_run,,,11.8,,6200a266645b72f459355bcb6289ab58e1dfce767b09a38377070e00322d87ba,unrecorded
numina_fable_low,359,solved,accepted,result,retained_run,,,2.5,,a98de759372ade58fe9c31b2d7460ec65f5b7718bf139576b021094edc264953,unrecorded
numina_fable_low,361,solved,accepted,result,retained_run,,,2.8,,bc3c90ab071701fa01c9cf95ca750a756c237388174306160eb6f2ea19e84de8,unrecorded
numina_fable_low,378,solved,accepted,result,retained_run,,,8.0,,8efc6a26497a2a31a8f866b679c9813138092b790ad3221289ea7ff73b5ce684,unrecorded
numina_fable_low,381,failed,not_accepted,result,retained_run,,,3.9,,87984bf139ea7341e11f5e14ac3b60c0b97ea523c833bb0bc7fa27a49bd2eada,unrecorded
numina_fable_low,392,solved,accepted,result,retained_run,,,7.1,,d1a67b78933eebd1094f332e536aee8c76f5d55ccd1ab90540b8ef2c3590d205,unrecorded
numina_fable_low,396,solved,accepted,result,retained_run,,,2.6,,2263c121aa85f53855e4ff90761057e409b88aed87d81577733abe0111deb147,unrecorded
numina_fable_low,444,failed,not_accepted,result,retained_run,,,6.2,,437caa904f352a8261e443047d119cbfa9436dfafa795509a6c5fdbc0f1313a3,unrecorded
numina_fable_low,445,solved,accepted,result,retained_run,,,14.8,,69c7c0ef7ee53766b156706efb62b364bf4a1368ff45d096504b355f6b4ae609,unrecorded
numina_fable_low,446,solved,accepted,result,retained_run,,,16.7,,b6bd8bfa2c911edfde0203f712d0bfa46bf03377605cc75edd0ba236de4341ba,unrecorded
numina_fable_low,447,solved,accepted,result,retained_run,,,17.3,,c350d6f42d3bd80c24523af37034e38e853cf03740eaba4883b912b425a82321,unrecorded
numina_fable_low,450,solved,accepted,result,retained_run,,,18.8,,3b643c51858afcec87e16d59da5623624489d68e8774e05489ded6be0ba52f9a,unrecorded
numina_fable_low,451,failed,not_accepted,result,retained_run,,,7.0,,53453efbfda051426d2872b58c44cd1a54d8a2bb41528e0dc892c442634f7d39,unrecorded
numina_fable_low,452,solved,accepted,result,retained_run,,,15.6,,2f08efd327dde0300d1e0e0ac2cbf65cf8edee4d4b717ceb0a2781f281fad276,unrecorded
numina_fable_low,453,failed,not_accepted,result,retained_run,,,15.6,,62c7cd6a93df246e07be172e4d83f1bdae11698a76895352045f77c486edb038,unrecorded
numina_fable_low,454,harness_prep_failed,not_accepted,result,retained_run,,,,,,unavailable
numina_fable_low,455,failed,not_accepted,result,retained_run,,,19.5,,0310fc6f5822cb574ef6b0890a38bb7f6ee9f6cb43976b447bff2c1d4dab94b5,unrecorded
numina_fable_low,456,solved,accepted,result,retained_run,,,15.1,,5bf72cf909daa86d148d86315c09fbead3632068d0a8474e3b4476597d39f47c,unrecorded
numina_fable_low,457,failed,not_accepted,result,retained_run,,,14.9,,62c7cd6a93df246e07be172e4d83f1bdae11698a76895352045f77c486edb038,unrecorded
numina_fable_low,458,solved,accepted,result,retained_run,,,20.4,,fe209b3047dbb8649e09a45e58ea8daa2eea6b888ef57c2ed8b5752fd8bb6e09,unrecorded
numina_fable_low,459,failed,not_accepted,result,retained_run,,,22.3,,2545a623b1be3882f4c66f968268fe7be42d9ead4c7214aff145071073335e6a,unrecorded
numina_fable_low,460,failed,not_accepted,result,retained_run,,,15.3,,62c7cd6a93df246e07be172e4d83f1bdae11698a76895352045f77c486edb038,unrecorded
numina_fable_low,462,solved,accepted,result,retained_run,,,8.1,,0e7d6928a1a2b28e033f2807c6618c43055d86644fef89b3c77204a77f28e638,unrecorded
numina_fable_low,466,solved,accepted,result,retained_run,,,13.9,,dd6cb08d3e8e6cb30467b3573ecf8351d064212c0ab898879441c666365a8d81,unrecorded
numina_fable_low,467,solved,accepted,result,retained_run,,,6.7,,f6e1667ba71eec03b998010d96f2b8d23ad1b087e1d6db2bc90cb52aa6b5c46d,unrecorded
numina_fable_low,468,solved,accepted,result,retained_run,,,5.3,,23d1ffbf88efccdd4afb546453b3fe22a1f194293a50bff0d8aacdff4255c982,unrecorded
numina_fable_low,469,solved,accepted,result,retained_run,,,4.9,,3fec10b28823d57ba1470ebd42f99a41fc84b063b60b9b9981186d344de55074,unrecorded
numina_fable_low,471,solved,accepted,result,retained_run,,,4.5,,0689e8805d695c2f8e0d5bb845d3b2e456557e60b7d25558e3cfe32a1a434003,unrecorded
numina_fable_low,472,solved,accepted,result,retained_run,,,4.4,,c108eb6bd6f00bd9032d50923808b06aff26cbadcdeb669f6a9f4f76e4c4f51e,unrecorded
numina_fable_low,473,solved,accepted,result,retained_run,,,7.0,,ac12aa37359783e3f7801fc568075309e7db506f3a0846bfb07b0d8b8bc7fd66,unrecorded
codex_sol_low,4,solved,accepted,result,retained_run,,1,,,8cf15aa4b8a8a9aa533f4c42c5c3b5c9c2bcaa0f879f77fbd76a277b4bca6042,unrecorded
codex_sol_low,5,solved,accepted,result,retained_run,,3,,,615637b21f4ab2b24d86c8ec7ef38c8451f55b858971505cc5a100af94c46c7e,unrecorded
codex_sol_low,14,solved,accepted,result,retained_run,,2,,,f2515ffacc6f1d7ce39cf754d7d27d37e96ad4cd0f290ebcaadde0d8004a88dd,unrecorded
codex_sol_low,15,solved,accepted,result,retained_run,,2,,,db08b451279d7b8319a77e2d01f6177244de324daf847ae16ed8f5f51be1fa9c,unrecorded
codex_sol_low,29,solved,accepted,result,retained_run,,1,,,9428397f744f4f73231785aa46f243e98a8868ba1bdd6d431552eab04caff2b0,unrecorded
codex_sol_low,121,failed,not_accepted,result,retained_run,,,,,ddb71a930942487fb04d384d07d27caf1bb4035d9a7d9d8d4cf303e18ed31ae3,unrecorded
codex_sol_low,122,failed,not_accepted,result,retained_run,,,,,21289f6b402777336f6d8647348ceb9053a696f0c29a82c33f6dd78acd5d0222,unrecorded
codex_sol_low,123,solved,accepted,result,retained_run,,1,,,b4a6459ba47d8a54619ed6bdb093b9411c1d36df4baca65e0130328d5ca0739e,unrecorded
codex_sol_low,124,solved,accepted,result,retained_run,,1,,,bfd75e16a4e341bb6b803ef7c4012197af4fdbd148a98105796de85db375010d,unrecorded
codex_sol_low,125,solved,accepted,result,retained_run,,1,,,c9835ebb1133139d105d0e59682492646d38c57554755dfc2ba54bcb214a4a62,unrecorded
codex_sol_low,126,solved,accepted,result,retained_run,,1,,,4e7eeb847b1de5892afabe21cf525d0e6fe3748933b69fcb199fb1b3364f4a89,unrecorded
codex_sol_low,127,solved,accepted,result,retained_run,,2,,,ad1f597a49e309fbc876e6947ba1d38bf092b111969701568758493c5616d8b0,unrecorded
codex_sol_low,128,failed,not_accepted,result,retained_run,,,,,798e015926546b2eab10b57aa5b6af8ff9c742bb767827821f3cf58419bf794a,unrecorded
codex_sol_low,129,solved,accepted,result,retained_run,,1,,,cb3d98c929bbc43535f77a06d2414fabe8f822b3e8e88a9b1081a1ba64b33bcc,unrecorded
codex_sol_low,131,solved,accepted,result,retained_run,,1,,,9de03af4f6e4c4f68807205ee517fb28e683431eb0e6b29956be11ea4bd81d1b,unrecorded
codex_sol_low,132,solved,accepted,result,retained_run,,1,,,c9b965c865439fd8d75fbe38b6bbb9aefca5c43d402669fef51be6fed8ecd980,unrecorded
codex_sol_low,133,solved,accepted,result,retained_run,,1,,,ae437019c842f4f09e0b76d8b8daab8cddcb2f5d35ef4bb15442f827074fd906,unrecorded
codex_sol_low,134,solved,accepted,result,retained_run,,1,,,e3d1cc1508f279b938b3dacb99193f36c6dacc7c4018090a0909278de35d1d17,unrecorded
codex_sol_low,135,solved,accepted,result,retained_run,,1,,,583653a6353264a264190dafbb2824658b2ffaf4a567b9f81fbae6c7d5ea17fe,unrecorded
codex_sol_low,136,solved,accepted,result,retained_run,,1,,,e2fa0336dc09d0fabd6cd7d8aed496f4eb0739f0a4edd027d9add12d11206ac6,unrecorded
codex_sol_low,137,solved,accepted,result,retained_run,,1,,,bb5e051f9462538d0c4cef60075ff09f3eca5e9e6ba04999319d6bf5339de205,unrecorded
codex_sol_low,138,solved,accepted,result,retained_run,,1,,,01d500227e8a6fe758677a32c2ae0f4f860c0e8404d557f32d0d8129f6ad06f4,unrecorded
codex_sol_low,139,solved,accepted,result,retained_run,,3,,,9bb0b14804e8a7c896673b96cc445123a7af6574f5e37ef32769ece3ff8180e7,unrecorded
codex_sol_low,140,solved,accepted,result,retained_run,,8,,,91a6c315953caae051e74614312249ad5e14967e02b97b566e95e290295622d4,unrecorded
codex_sol_low,141,solved,accepted,result,retained_run,,1,,,1af80d2121a8c6198eac87b8a917a282958be69f660c9206c00503f85cd65d97,unrecorded
codex_sol_low,142,solved,accepted,result,retained_run,,1,,,0c4f0ae1a9a2584bdfb000dbabb9a2f354ef7d704803ba138ae97a5de08ff99b,unrecorded
codex_sol_low,143,solved,accepted,result,retained_run,,1,,,ab144254af4acdfd89ade6394530999deb93679753e82446df4df8158bf11887,unrecorded
codex_sol_low,144,solved,accepted,result,retained_run,,1,,,a898d526040ec908d4d6dd9fea5ecaaadee8270b8416ac010362de6aec893329,unrecorded
codex_sol_low,145,solved,accepted,result,retained_run,,1,,,a85ef116ee5bf6e449a0a52080a07aa9678ba8e40e00d4d4d5bee64733bef8c1,unrecorded
codex_sol_low,146,solved,accepted,result,retained_run,,1,,,d240d05b1d43df7e5cab03faf8a8b025c203c041e995bb8667c309814e18662f,unrecorded
codex_sol_low,147,solved,accepted,result,retained_run,,3,,,622e9723ee19be8b1ce014384a6f075d94883e407e8affc655aefc29db301606,unrecorded
codex_sol_low,148,solved,accepted,result,retained_run,,1,,,8c4da4b7fa823d16c8195c080af2acdadba40123ebdaad2cea5cddfdbd673ce2,unrecorded
codex_sol_low,149,solved,accepted,result,retained_run,,1,,,fd184f236bb7b9385abcf8ee7fa3f0ba6625e85bd229794a7d18b45df72e74d2,unrecorded
codex_sol_low,150,solved,accepted,result,retained_run,,1,,,a3e87caa6c7fd9afbefa684d7be14d5beb2a6482cbc0a1108add6a9cd032ddff,unrecorded
codex_sol_low,152,solved,accepted,result,retained_run,,1,,,fabd57465e494c54c8d5ada6225edadda98b9a5e54193babae01bb6f5bc75ae3,unrecorded
codex_sol_low,153,solved,accepted,result,retained_run,,6,,,0fdc50931dc94d4acad9a72d42bd10e3c1956b6d2be9cb567708544425b9f1fd,unrecorded
codex_sol_low,154,solved,accepted,result,retained_run,,1,,,f56697a7a04d5497c44e90c7ad88d1ae34a443bdaa3b68eec36ac98b95107d46,unrecorded
codex_sol_low,155,solved,accepted,result,retained_run,,1,,,4992ad879bfc3761625cf647b13436e3eaf8b72aedb148eddcc4c0c51ed442dd,unrecorded
codex_sol_low,156,solved,accepted,result,retained_run,,1,,,3d9814ace74335480773e0d23cb5ce85043f6523ebdc7ed51075813ce1dd6d41,unrecorded
codex_sol_low,157,solved,accepted,result,retained_run,,1,,,b38437b688a82b76e1b0e03207f986ba7ca89abd6a9128ab252ed66963885b15,unrecorded
codex_sol_low,158,solved,accepted,result,retained_run,,1,,,b2704fbfccbb2eaff874b2cf2a1fdf3364b301723859388775f83ab4684a04ef,unrecorded
codex_sol_low,159,solved,accepted,result,retained_run,,3,,,aa4bf50b7fd0b74dc29d2356cafa7e3cb618a39742eed5ed490c26b7ec3886c3,unrecorded
codex_sol_low,160,solved,accepted,result,retained_run,,1,,,ddd0cbb288084c3acf075fa9d54e7631de450dd822ba9c21afc0ee0256292bba,unrecorded
codex_sol_low,161,solved,accepted,result,retained_run,,1,,,94852fd77440639e4f39435671448d9c36e0e2e7ad653d47577621e7cf621863,unrecorded
codex_sol_low,163,solved,accepted,result,retained_run,,1,,,15ded3c64c96419dd06c849c079e039b6a8176e8fc8ab48bb5df722c3c04a102,unrecorded
codex_sol_low,164,solved,accepted,result,retained_run,,1,,,c013dd1e2bb57f22c0e14481688ef0def20ac0ae548ca2067d267f96582b96ee,unrecorded
codex_sol_low,165,failed,not_accepted,result,retained_run,,,,,81e841977a837fa05d51198135642de3b3aae61d33d274714981d6354fd45131,unrecorded
codex_sol_low,168,solved,accepted,result,retained_run,,1,,,2fee4c99df36ff4854e59d247128a5c3a674ce08311afba817aa8db8d56b8c10,unrecorded
codex_sol_low,169,solved,accepted,result,retained_run,,1,,,a8d9adf2f2d3a66c3f3fd7a6d703c95c48049da93553e54730bdba7478e7cbc8,unrecorded
codex_sol_low,171,solved,accepted,result,retained_run,,1,,,aeff5aa7d580f49de7259f9d264fb72b1037670cf51546675db40a6f87657273,unrecorded
codex_sol_low,176,solved,accepted,result,retained_run,,1,,,6dae7a4c13eeba14a9e00a5efa2eafbe399fdc66bacde29e9125e72763d4419b,unrecorded
codex_sol_low,178,solved,accepted,result,retained_run,,1,,,489bdf957958273933b59268d77675fdda368323ebeb66debf4307b60d4d0348,unrecorded
codex_sol_low,194,solved,accepted,result,retained_run,,1,,,9c710afa0931c00b11c697826b861d2080333df177f55f8a9cefc9415ae314b2,unrecorded
codex_sol_low,222,solved,accepted,result,dependency_recovery,,1,,,e3b0c44298fc1c149afbf4c8996fb92427ae41e4649b934ca495991b7852b855,unrecorded
codex_sol_low,245,solved,accepted,result,retained_run,,3,,,05e05aa1a2043140c357191b9a9ac4e0f947ad6978ae35269fa4752815c4310e,unrecorded
codex_sol_low,246,solved,accepted,result,retained_run,,1,,,c9703d2d7954f2a0810b589279e0138d0f8926251c7c564cba6f5d578a610501,unrecorded
codex_sol_low,247,solved,accepted,result,retained_run,,1,,,390f92663be6aea0bb32d83c78acbb96028d9751739b56cd1d5d2778727da25b,unrecorded
codex_sol_low,249,solved,accepted,result,retained_run,,2,,,1caa080c8435c47062457168fcc62993ba40c633b8fd39098fa36e6d76d98af4,unrecorded
codex_sol_low,250,solved,accepted,result,retained_run,,1,,,ff23f4c3db73dced8ade91f715ac9bf03dbfda701e29f517a8f6ba4bb9074701,unrecorded
codex_sol_low,265,solved,accepted,result,retained_run,,2,,,0bb93135838f2394a1994b30958a70f6d986ab567afd13d956f4e5a8da9ac7cc,unrecorded
codex_sol_low,266,solved,accepted,result,retained_run,,1,,,5f3368c4b1ceb371b2baa2532ccf513eac21f899677b138c6572b4926ec2f559,unrecorded
codex_sol_low,268,solved,accepted,result,retained_run,,2,,,2b9855625a5cd472551c0c4904e11e3cab295ee236f555fae8b8250b7543f73d,unrecorded
codex_sol_low,271,solved,accepted,result,retained_run,,1,,,f09c2a592dc30a5f75df6f023642ea386a059743d1c9130f4134642577d6399b,unrecorded
codex_sol_low,272,solved,accepted,result,retained_run,,1,,,bc63f854ad88a4d97218624ad3a13265f1c0e4f81527b209a837445614e84cf1,unrecorded
codex_sol_low,273,solved,accepted,result,retained_run,,1,,,6d37132a53924511359977295866841ffc12383c3fc45e6c49197e471aad7de5,unrecorded
codex_sol_low,274,solved,accepted,result,retained_run,,1,,,e29d05e2b69a4adcb33311ac83580c1f757f152f6240487c038d457b5602cc0f,unrecorded
codex_sol_low,275,solved,accepted,result,retained_run,,1,,,bd7c07ea5532b98f454407e064573d64a93d5d7cf6dc8db33d4992552a7a377d,unrecorded
codex_sol_low,277,failed,not_accepted,result,retained_run,,,,,c341c49727d0e7d26f18d15c628912d9589a66cffb998ce05e0355d83281347b,unrecorded
codex_sol_low,281,solved,accepted,result,retained_run,,2,,,f316f3fd64a59d8b2e7695c3498973d640fa1cbc8423c8003e6b797d1bd4cec2,unrecorded
codex_sol_low,356,failed,not_accepted,result,retained_run,,,,,2bf4c7475717d6a626d56712f9520852a37b0ed58ce8682efce23dfcbbaf6128,unrecorded
codex_sol_low,357,failed,not_accepted,result,retained_run,,,,,c700c1db8ac0f5b7a5046ce4418ea42610a9d74b4ad83ceb905b364d072065a7,unrecorded
codex_sol_low,359,solved,accepted,result,retained_run,,1,,,1423260f1662a4bf89ab26960a359332324e4d2e376d8e9634d1b4758d31420d,unrecorded
codex_sol_low,361,solved,accepted,result,retained_run,,1,,,d829f80f506012eface6d7babd2bd8ba975b093d4a8df2f78f6981d65e7b0102,unrecorded
codex_sol_low,378,solved,accepted,result,retained_run,,1,,,6e7b5d70894b159abaf114740a1c27f96211d29c47431188f07e7db80c41ae46,unrecorded
codex_sol_low,381,solved,accepted,result,retained_run,,2,,,82867bf099b3918c8eedd980936f53a003cfa768b1b0b533dfb1df70b8d5c0fd,unrecorded
codex_sol_low,392,solved,accepted,result,retained_run,,1,,,c5ed8585a86dbeca5b08d8076c488ecdc29802c4a5a8749ef3292865ec064cc6,unrecorded
codex_sol_low,396,solved,accepted,result,retained_run,,1,,,1d11e40abfb7eba58c89eb14a433e8d54a0d14a809c43734e3a15bb2adddd0ea,unrecorded
codex_sol_low,444,solved,accepted,result,retained_run,,1,,,3efc53af3a39832ee6e34c9933cfb9b6106599b742e6df17f22ca44d432977f2,unrecorded
codex_sol_low,445,solved,accepted,result,retained_run,,1,,,dd7a084ef95f35ded96cc818d18de0d2208b4ab25a7ee3ec25afe66a7157dcad,unrecorded
codex_sol_low,446,solved,accepted,result,retained_run,,1,,,8dd5ba4dc1458121f45a76d8922302b99b7479fc5bb8f5e8d03d6b4522ac3f6c,unrecorded
codex_sol_low,447,solved,accepted,result,retained_run,,2,,,dc331e6dfd4e291bc299c814338ce48fd0d2b96dad362944447512ac2eebfb65,unrecorded
codex_sol_low,450,solved,accepted,result,retained_run,,2,,,0dc9a3a8167ad13d96b52a60e797595e936a950cc3c5ec3059a6d53d7a50bcd1,unrecorded
codex_sol_low,451,solved,accepted,result,retained_run,,1,,,ef8df57197b1d3369d8f6d10e27744f214e7f2f5ea8493f8a5c99aa40c17b053,unrecorded
codex_sol_low,452,solved,accepted,result,retained_run,,1,,,76619358ae0ad4fd32a569a0e05f7af375fd4b76830e58a47699c9216f580431,unrecorded
codex_sol_low,453,solved,accepted,result,retained_run,,2,,,56d48afee922ec5ea5d0538ed9dd2934b5f4ee00b2031fdf69b81d9dc20ec85e,unrecorded
codex_sol_low,454,solved,accepted,result,retained_run,,1,,,51a9fe8e07049925a5874a794dcf287c3a11f8add70308681ba646c7e09b4a9b,unrecorded
codex_sol_low,455,solved,accepted,result,retained_run,,1,,,c71e5fdf95721d05e47fadc439fa48a959512eb09cd75c6b99fd4405d94f5c11,unrecorded
codex_sol_low,456,solved,accepted,result,retained_run,,1,,,661dc85cf6bc428883c56628843fc9d21a1404a89d31176bcfbf8fde1fe261ca,unrecorded
codex_sol_low,457,solved,accepted,result,retained_run,,1,,,cab2ecc2b47c0df4a885cee1c0ec867657184f9d9f7a120f8378b382417f30fa,unrecorded
codex_sol_low,458,solved,accepted,result,retained_run,,1,,,a3917521c7f249d4017c8b6b8f66c8ae6a1efa84adbd2f4a1a9e11e62f879df3,unrecorded
codex_sol_low,459,solved,accepted,result,retained_run,,1,,,a696ae5b1434b8dac2a0279a81b8f0c23ca992aab55df35e0016aee10d436029,unrecorded
codex_sol_low,460,solved,accepted,result,retained_run,,1,,,1f716a30ee32b1ebea6abce6c9d2298e116501380c2b28cf5af35ff30539d73b,unrecorded
codex_sol_low,462,solved,accepted,result,retained_run,,1,,,0e7d6928a1a2b28e033f2807c6618c43055d86644fef89b3c77204a77f28e638,unrecorded
codex_sol_low,466,solved,accepted,result,retained_run,,1,,,28670243d027ff9fe7edb81fccc53baf57069e4a622a430aa3bf7bf3eea7214a,unrecorded
codex_sol_low,467,solved,accepted,result,retained_run,,1,,,f6e1667ba71eec03b998010d96f2b8d23ad1b087e1d6db2bc90cb52aa6b5c46d,unrecorded
codex_sol_low,468,solved,accepted,result,retained_run,,1,,,ca19a1148685d37d98c4ee9826c3b5c2b971c5016bb6fbc5c32b59217f77838f,unrecorded
codex_sol_low,469,solved,accepted,result,retained_run,,1,,,bd27795fe43c1c40775b24b37f6bc26fa3962198068637bb80e0344b0a997cad,unrecorded
codex_sol_low,471,solved,accepted,result,retained_run,,1,,,7add7a008860f76419774f0de93b0b4d655d0b39a0cbca62c6a23b99151db648,unrecorded
codex_sol_low,472,solved,accepted,result,retained_run,,1,,,54203df1febe8098ec8b59d32e63977b9371afa5170da9757b8a25e1bb2e0409,unrecorded
codex_sol_low,473,solved,accepted,result,retained_run,,1,,,e642c327145e4e6051122f581cc4cc228674ca2084f083abc40db94ab6a3b75b,unrecorded
forall_sol_low_codex,4,reviewed_accepted,accepted,reviewed_result,retained_run,1,,,6bec25ee3f062def23c63fe351bf84d2187f4f3b3129a6a2ea772bf25171dc48,6bec25ee3f062def23c63fe351bf84d2187f4f3b3129a6a2ea772bf25171dc48,match
forall_sol_low_codex,5,reviewed_accepted,accepted,reviewed_result,retained_run,1,,,683a419170431ef5c8bc829917ab5b1236318dd09339d6946683bd203e63ba04,683a419170431ef5c8bc829917ab5b1236318dd09339d6946683bd203e63ba04,match
forall_sol_low_codex,14,reviewed_accepted,accepted,reviewed_result,retained_run,1,,,82b1c8d196ac74c6198f5bde7c818d30bb72cc6035dc154dc9d04a3aea070fdf,82b1c8d196ac74c6198f5bde7c818d30bb72cc6035dc154dc9d04a3aea070fdf,match
forall_sol_low_codex,15,reviewed_accepted,accepted,reviewed_result,retained_run,1,,,e27ff57bb96ff1f84ad6546cfddbe12321bb7da4c80a5e0ef059cafcd1331bb5,e27ff57bb96ff1f84ad6546cfddbe12321bb7da4c80a5e0ef059cafcd1331bb5,match
forall_sol_low_codex,29,reviewed_accepted,accepted,reviewed_result,retained_run,1,,,a3b33b5a56856818caed65d006060f47ecfd96958e5aa4d3ca703dd0c5e0f2f2,a3b33b5a56856818caed65d006060f47ecfd96958e5aa4d3ca703dd0c5e0f2f2,match
forall_sol_low_codex,121,review_exhausted,not_accepted,reviewed_result,retained_run,3,,,3591b9ec4896b0f56135c3b2fada2949212c62a1646a6aa96fd2b531c8abb4e6,3591b9ec4896b0f56135c3b2fada2949212c62a1646a6aa96fd2b531c8abb4e6,match
forall_sol_low_codex,122,reviewed_accepted,accepted,reviewed_result,retained_run,3,,,d6a523a12f5ac48b83b2567087d9ec4c810cc9ce59f6a58f116f4ee3b15627cc,d6a523a12f5ac48b83b2567087d9ec4c810cc9ce59f6a58f116f4ee3b15627cc,match
forall_sol_low_codex,123,reviewed_accepted,accepted,reviewed_result,retained_run,1,,,7d55ea28d0216582313d366a3d05c0830ff135da10c5beccc7e8611fdaa3ec1a,7d55ea28d0216582313d366a3d05c0830ff135da10c5beccc7e8611fdaa3ec1a,match
forall_sol_low_codex,124,reviewed_accepted,accepted,reviewed_result,retained_run,1,,,7c3d84788ebde17ac2a69054e2f7d6651954fe06d56de612be0add9c4121d4a2,7c3d84788ebde17ac2a69054e2f7d6651954fe06d56de612be0add9c4121d4a2,match
forall_sol_low_codex,125,reviewed_accepted,accepted,reviewed_result,retained_run,1,,,a5a19e434fb336f1afc8b990f5bf06a5489e890b7d8b5b80472aa39fde001891,a5a19e434fb336f1afc8b990f5bf06a5489e890b7d8b5b80472aa39fde001891,match
forall_sol_low_codex,126,reviewed_accepted,accepted,reviewed_result,retained_run,1,,,31c856d1f014be7e2d8db7bd5968e4a167d716d6162bb70d8916e40ab96303fa,31c856d1f014be7e2d8db7bd5968e4a167d716d6162bb70d8916e40ab96303fa,match
forall_sol_low_codex,127,reviewed_accepted,accepted,reviewed_result,retained_run,1,,,c5e36c18d7618a8bf58583715ac728450be5825c0fdbd9d2699a58994a0f93ce,c5e36c18d7618a8bf58583715ac728450be5825c0fdbd9d2699a58994a0f93ce,match
forall_sol_low_codex,128,reviewed_accepted,accepted,reviewed_result,retained_run,1,,,ddba5d1bf27220acbcdb1a7d979defa0f4b9ccc22cbeec6d436eec0c68408275,ddba5d1bf27220acbcdb1a7d979defa0f4b9ccc22cbeec6d436eec0c68408275,match
forall_sol_low_codex,129,reviewed_accepted,accepted,reviewed_result,retained_run,1,,,fb3ad3094d7fe1c166907e818a44c87b4e672da6e1cdff0bd77248c4364d87f0,fb3ad3094d7fe1c166907e818a44c87b4e672da6e1cdff0bd77248c4364d87f0,match
forall_sol_low_codex,131,reviewed_accepted,accepted,reviewed_result,retained_run,1,,,391acab709ff217e4bfff55ee7e001346e27afdf4db8e70b0298bac1c15cf32f,391acab709ff217e4bfff55ee7e001346e27afdf4db8e70b0298bac1c15cf32f,match
forall_sol_low_codex,132,reviewed_accepted,accepted,reviewed_result,retained_run,1,,,34656635b4ddfbd95270a7574ac78af3dd43006b1f055eec2adcec17034efce9,34656635b4ddfbd95270a7574ac78af3dd43006b1f055eec2adcec17034efce9,match
forall_sol_low_codex,133,reviewed_accepted,accepted,reviewed_result,retained_run,1,,,6d0fbac4aed8be3a6f2f256227a196d3ff2dc168fbe2c3066b3833b9f151e1f3,6d0fbac4aed8be3a6f2f256227a196d3ff2dc168fbe2c3066b3833b9f151e1f3,match
forall_sol_low_codex,134,reviewed_accepted,accepted,reviewed_result,retained_run,1,,,f2410e72e915105a07d90dd747eb33b93732a04329135b9607b2ce53bf1e9a8f,f2410e72e915105a07d90dd747eb33b93732a04329135b9607b2ce53bf1e9a8f,match
forall_sol_low_codex,135,reviewed_accepted,accepted,reviewed_result,retained_run,1,,,ccadad8e4d796a3b5473cac4d99a9b72ae4427e409b15ef0650ff2c2e23ad9c7,ccadad8e4d796a3b5473cac4d99a9b72ae4427e409b15ef0650ff2c2e23ad9c7,match
forall_sol_low_codex,136,reviewed_accepted,accepted,reviewed_result,retained_run,1,,,b6a35432db27ca53d151a22da5c0c6a84ce47ef230908d64edf54dfc455661ee,b6a35432db27ca53d151a22da5c0c6a84ce47ef230908d64edf54dfc455661ee,match
forall_sol_low_codex,137,reviewed_accepted,accepted,reviewed_result,retained_run,1,,,e04ca7f5cee366e97d282993b61140bc1376a967625fdac6020dda01b0ee4d49,e04ca7f5cee366e97d282993b61140bc1376a967625fdac6020dda01b0ee4d49,match
forall_sol_low_codex,138,reviewed_accepted,accepted,reviewed_result,retained_run,1,,,5aee98c19ca831ba31e4e638802d4c58d8f9d9ec6a57b03a6caccce981ef30a7,5aee98c19ca831ba31e4e638802d4c58d8f9d9ec6a57b03a6caccce981ef30a7,match
forall_sol_low_codex,139,reviewed_accepted,accepted,reviewed_result,retained_run,2,,,f0e0558bf31ca665431d218f32890ab5f2290bbfa782f411f702b224e45023a1,f0e0558bf31ca665431d218f32890ab5f2290bbfa782f411f702b224e45023a1,match
forall_sol_low_codex,140,reviewed_accepted,accepted,reviewed_result,retained_run,1,,,b58f0fac4eaefd9bca40606d24949a333e1eff49276bdd2c7c52e2fff5bf6b6a,b58f0fac4eaefd9bca40606d24949a333e1eff49276bdd2c7c52e2fff5bf6b6a,match
forall_sol_low_codex,141,reviewed_accepted,accepted,reviewed_result,retained_run,1,,,c45db4b6dfbafba581c6f7815a4ef3c1de6f7b24e726f45435c2b72b24fe4c91,c45db4b6dfbafba581c6f7815a4ef3c1de6f7b24e726f45435c2b72b24fe4c91,match
forall_sol_low_codex,142,reviewed_accepted,accepted,reviewed_result,retained_run,1,,,dcfea8f233d310f389817b6ba39deeb6b716884440787c4a488ac11a3c00298a,dcfea8f233d310f389817b6ba39deeb6b716884440787c4a488ac11a3c00298a,match
forall_sol_low_codex,143,reviewed_accepted,accepted,reviewed_result,retained_run,1,,,61b19e763d243a43ddbd54c031eeaf55e6f6e7e4104843dd3c13b39d7d07c818,61b19e763d243a43ddbd54c031eeaf55e6f6e7e4104843dd3c13b39d7d07c818,match
forall_sol_low_codex,144,reviewed_accepted,accepted,reviewed_result,retained_run,1,,,1cd3e57af3266b21cb3c707f487504af11d54a62aa6a6d8d4b62c211e5b0b64a,1cd3e57af3266b21cb3c707f487504af11d54a62aa6a6d8d4b62c211e5b0b64a,match
forall_sol_low_codex,145,reviewed_accepted,accepted,reviewed_result,retained_run,1,,,93677c66bf91206b3e71280a59d53b1ce7f09e4ad596fd761945a82b2336cf12,93677c66bf91206b3e71280a59d53b1ce7f09e4ad596fd761945a82b2336cf12,match
forall_sol_low_codex,146,reviewed_accepted,accepted,reviewed_result,retained_run,1,,,3b11148e01d993e114fd6db5c83c08baeb3cf650064f647c19d1588eb8e9b625,3b11148e01d993e114fd6db5c83c08baeb3cf650064f647c19d1588eb8e9b625,match
forall_sol_low_codex,147,reviewed_accepted,accepted,reviewed_result,retained_run,1,,,eb4216d2060023a94cf753cdbee63280c43b7ead20f4258546f29c294b05a944,eb4216d2060023a94cf753cdbee63280c43b7ead20f4258546f29c294b05a944,match
forall_sol_low_codex,148,reviewed_accepted,accepted,reviewed_result,retained_run,1,,,6848b41527a88480cc7cb5ddbe5cd7285163c920d0dfcac22c6fa7208458a40a,6848b41527a88480cc7cb5ddbe5cd7285163c920d0dfcac22c6fa7208458a40a,match
forall_sol_low_codex,149,reviewed_accepted,accepted,reviewed_result,retained_run,1,,,b21fa54f051fd6deab59688428bc553fe97150e424895373c365e4a4cb0bc59d,b21fa54f051fd6deab59688428bc553fe97150e424895373c365e4a4cb0bc59d,match
forall_sol_low_codex,150,reviewed_accepted,accepted,reviewed_result,retained_run,1,,,c251331d5f28fdbf303e2d32cf7688fe214c5708093b3bef252b503c08b5ff86,c251331d5f28fdbf303e2d32cf7688fe214c5708093b3bef252b503c08b5ff86,match
forall_sol_low_codex,152,reviewed_accepted,accepted,reviewed_result,retained_run,1,,,4e95be771f810fa6ca54a77f163c98a83c4671cd21f82ef4ca38bd06af339fe0,4e95be771f810fa6ca54a77f163c98a83c4671cd21f82ef4ca38bd06af339fe0,match
forall_sol_low_codex,153,reviewed_accepted,accepted,reviewed_result,retained_run,2,,,361cd409311d5e5dcda869b0091a1e5e5269db4b5d9d654e697bfc125dd6bc81,361cd409311d5e5dcda869b0091a1e5e5269db4b5d9d654e697bfc125dd6bc81,match
forall_sol_low_codex,154,reviewed_accepted,accepted,reviewed_result,retained_run,1,,,9615622fa166e31e93427414f6df0338053147baa8e6935055e46729efb5b273,9615622fa166e31e93427414f6df0338053147baa8e6935055e46729efb5b273,match
forall_sol_low_codex,155,reviewed_accepted,accepted,reviewed_result,retained_run,1,,,7e9c0f6f4d34307c92a099e10ab19aaa54ce9aa71f774796be8b2bca7e1001eb,7e9c0f6f4d34307c92a099e10ab19aaa54ce9aa71f774796be8b2bca7e1001eb,match
forall_sol_low_codex,156,reviewed_accepted,accepted,reviewed_result,retained_run,1,,,2646a4c4ecbd857e2c8f2b05df5db983bc9c5793a750e40f4a2a9768e2dfed93,2646a4c4ecbd857e2c8f2b05df5db983bc9c5793a750e40f4a2a9768e2dfed93,match
forall_sol_low_codex,157,reviewed_accepted,accepted,reviewed_result,retained_run,1,,,e4a74b859d3a4f1ebd7a996f5a5c75de6201063fbd0d81092aaa03117a9682a3,e4a74b859d3a4f1ebd7a996f5a5c75de6201063fbd0d81092aaa03117a9682a3,match
forall_sol_low_codex,158,reviewed_accepted,accepted,reviewed_result,retained_run,1,,,9a6741dd96c2309841b8a6888e568a7df57996749fada82ccfe1391a3ad5bf7c,9a6741dd96c2309841b8a6888e568a7df57996749fada82ccfe1391a3ad5bf7c,match
forall_sol_low_codex,159,reviewed_accepted,accepted,reviewed_result,retained_run,2,,,eca95884c7f95eeda4d96a66bc23d4f6f1f927f4714b2de6d075439493396040,eca95884c7f95eeda4d96a66bc23d4f6f1f927f4714b2de6d075439493396040,match
forall_sol_low_codex,160,reviewed_accepted,accepted,reviewed_result,retained_run,1,,,ddd0cbb288084c3acf075fa9d54e7631de450dd822ba9c21afc0ee0256292bba,ddd0cbb288084c3acf075fa9d54e7631de450dd822ba9c21afc0ee0256292bba,match
forall_sol_low_codex,161,reviewed_accepted,accepted,reviewed_result,retained_run,1,,,04077ad3aa43f14b42a56fe709317bfbfa28c91bddaea1735bb6cec030de96dc,04077ad3aa43f14b42a56fe709317bfbfa28c91bddaea1735bb6cec030de96dc,match
forall_sol_low_codex,163,reviewed_accepted,accepted,reviewed_result,retained_run,1,,,91cc2fc54340be9598fee2ef30b022f1d242be12a404198392f50cbf498b467a,91cc2fc54340be9598fee2ef30b022f1d242be12a404198392f50cbf498b467a,match
forall_sol_low_codex,164,reviewed_accepted,accepted,reviewed_result,retained_run,1,,,dfeba7a5dcb7aedfaa2b2c4698669faa7aa1f3d1d5e9d7cecf2c7e31cb45517b,dfeba7a5dcb7aedfaa2b2c4698669faa7aa1f3d1d5e9d7cecf2c7e31cb45517b,match
forall_sol_low_codex,165,reviewed_accepted,accepted,reviewed_result,retained_run,1,,,0b833441ccf2b8315a559325a1c66ddd20aca6596b6a2f43517f73c74d507ac6,0b833441ccf2b8315a559325a1c66ddd20aca6596b6a2f43517f73c74d507ac6,match
forall_sol_low_codex,168,reviewed_accepted,accepted,reviewed_result,retained_run,1,,,44e8a62cfca2ecd19ca5ab6a617a6ce08267e430c7e2b5c006f4a4a42ca176b1,44e8a62cfca2ecd19ca5ab6a617a6ce08267e430c7e2b5c006f4a4a42ca176b1,match
forall_sol_low_codex,169,reviewed_accepted,accepted,reviewed_result,retained_run,1,,,9838c0d102676e6b1107cd952da410f0948c5d32d270fa486465fe4c925178df,9838c0d102676e6b1107cd952da410f0948c5d32d270fa486465fe4c925178df,match
forall_sol_low_codex,171,reviewed_accepted,accepted,reviewed_result,retained_run,1,,,840798aa5975d3edb096fd2401181db24b04391c97e283b943ce33846f3a9e70,840798aa5975d3edb096fd2401181db24b04391c97e283b943ce33846f3a9e70,match
forall_sol_low_codex,176,reviewed_accepted,accepted,reviewed_result,retained_run,1,,,2e4d4fef97d41f183a09e08c4f02450a67df95805a990a22a1e20c7b8bb8f29d,2e4d4fef97d41f183a09e08c4f02450a67df95805a990a22a1e20c7b8bb8f29d,match
forall_sol_low_codex,178,reviewed_accepted,accepted,reviewed_result,retained_run,1,,,63e61484e90d8d16acb53a1fdcc58314583f6f03dea09c7232fca8af0549a500,63e61484e90d8d16acb53a1fdcc58314583f6f03dea09c7232fca8af0549a500,match
forall_sol_low_codex,194,reviewed_accepted,accepted,reviewed_result,retained_run,1,,,8ca0c7398a13a0c3bea5a90c9cd488de271bceceaaed980debc4e189df31cc5a,8ca0c7398a13a0c3bea5a90c9cd488de271bceceaaed980debc4e189df31cc5a,match
forall_sol_low_codex,222,reviewed_accepted,accepted,reviewed_result,retained_run,1,,,e0fd0b704b00cba3b1f4475edb696f71246ffae153d73e459b5fd5fca046dea3,e0fd0b704b00cba3b1f4475edb696f71246ffae153d73e459b5fd5fca046dea3,match
forall_sol_low_codex,245,reviewed_accepted,accepted,reviewed_result,retained_run,1,,,4eacab0cd966063e4baf8164d9fb6223fd15ce961297b5f13b78c796743c5b51,4eacab0cd966063e4baf8164d9fb6223fd15ce961297b5f13b78c796743c5b51,match
forall_sol_low_codex,246,reviewed_accepted,accepted,reviewed_result,retained_run,1,,,3cd248c35c02e18e16203f6f48dc7258c7cf1ce622757662c8dfb1c66995c16d,3cd248c35c02e18e16203f6f48dc7258c7cf1ce622757662c8dfb1c66995c16d,match
forall_sol_low_codex,247,reviewed_accepted,accepted,reviewed_result,retained_run,1,,,0cc907112d3c72a0b0fadd3cea07c27a36690498e45866cc41dd1c90ddf54887,0cc907112d3c72a0b0fadd3cea07c27a36690498e45866cc41dd1c90ddf54887,match
forall_sol_low_codex,249,reviewed_accepted,accepted,reviewed_result,retained_run,1,,,d9f4ba8473c6807ec0173ea0f84d775a7bc23bfd097010d66aab2e2ddd4bea7f,d9f4ba8473c6807ec0173ea0f84d775a7bc23bfd097010d66aab2e2ddd4bea7f,match
forall_sol_low_codex,250,reviewed_accepted,accepted,reviewed_result,retained_run,1,,,194db6e5721714a3588586f11fbc8b1d0c7f687bdc2334547dc8a8199ed73398,194db6e5721714a3588586f11fbc8b1d0c7f687bdc2334547dc8a8199ed73398,match
forall_sol_low_codex,265,reviewed_accepted,accepted,reviewed_result,retained_run,1,,,a0dcfb49508396a386acb0eebb0a862bc279601222a5b7349c1f11d764634979,a0dcfb49508396a386acb0eebb0a862bc279601222a5b7349c1f11d764634979,match
forall_sol_low_codex,266,reviewed_accepted,accepted,reviewed_result,retained_run,2,,,92d18d91250077f8a2326f4c02d9212e634008f11a722b1056363dac8a79cf96,92d18d91250077f8a2326f4c02d9212e634008f11a722b1056363dac8a79cf96,match
forall_sol_low_codex,268,reviewed_accepted,accepted,reviewed_result,retained_run,1,,,d5af3732c7269a28eab3f11b2b772dd98ace95b87f1057c26f10d7867eded59d,d5af3732c7269a28eab3f11b2b772dd98ace95b87f1057c26f10d7867eded59d,match
forall_sol_low_codex,271,reviewed_accepted,accepted,reviewed_result,retained_run,1,,,93c404c5efa4f03c9ffe3a7cf3b8c83ef76143e84f16cb4b0a653443f06789ed,93c404c5efa4f03c9ffe3a7cf3b8c83ef76143e84f16cb4b0a653443f06789ed,match
forall_sol_low_codex,272,reviewed_accepted,accepted,reviewed_result,retained_run,1,,,ceb7867e78dec415be3643c16a8a33efb71ac3b08c88b96e35b92546434b644f,ceb7867e78dec415be3643c16a8a33efb71ac3b08c88b96e35b92546434b644f,match
forall_sol_low_codex,273,reviewed_accepted,accepted,reviewed_result,retained_run,1,,,e64c05faf59aa5367ca97bd85fc5ea097856acee5a8fe7731b5baf8f6ef6f421,e64c05faf59aa5367ca97bd85fc5ea097856acee5a8fe7731b5baf8f6ef6f421,match
forall_sol_low_codex,274,reviewed_accepted,accepted,reviewed_result,retained_run,1,,,da3cec8982305d0585f953c7a86c0136b465414024d807af5093d452a7c6a7da,da3cec8982305d0585f953c7a86c0136b465414024d807af5093d452a7c6a7da,match
forall_sol_low_codex,275,reviewed_accepted,accepted,reviewed_result,retained_run,1,,,1d6babc7e05d05a163b06c2c8b22709c725b68865544c620c01f4d001bce3a05,1d6babc7e05d05a163b06c2c8b22709c725b68865544c620c01f4d001bce3a05,match
forall_sol_low_codex,277,reviewed_accepted,accepted,reviewed_result,retained_run,3,,,8242152cb5d80ab0149c74c61be9dc23dd588fe0048ad513a6a82fd457c859dc,8242152cb5d80ab0149c74c61be9dc23dd588fe0048ad513a6a82fd457c859dc,match
forall_sol_low_codex,281,reviewed_accepted,accepted,reviewed_result,retained_run,1,,,b511ae576c5515fbfa93b1d6d38e5b45681d29394f546ad767513c361a4fb25c,b511ae576c5515fbfa93b1d6d38e5b45681d29394f546ad767513c361a4fb25c,match
forall_sol_low_codex,356,reviewed_accepted,accepted,reviewed_result,retained_run,1,,,513d1ee8bf66d7ed1a431db489fd4dcb0c625e3acd916ef71d8d9ea0a0fa0b4a,513d1ee8bf66d7ed1a431db489fd4dcb0c625e3acd916ef71d8d9ea0a0fa0b4a,match
forall_sol_low_codex,357,reviewed_accepted,accepted,reviewed_result,retained_run,1,,,8261114532061f4dbc790e4a39522ac94c51cd7d13fa255d200b4e57fa2dcf83,8261114532061f4dbc790e4a39522ac94c51cd7d13fa255d200b4e57fa2dcf83,match
forall_sol_low_codex,359,reviewed_accepted,accepted,reviewed_result,retained_run,1,,,9ececee14419a4955228aed87c14403f8a11b528bf02e19be8d6e9f768951271,9ececee14419a4955228aed87c14403f8a11b528bf02e19be8d6e9f768951271,match
forall_sol_low_codex,361,reviewed_accepted,accepted,reviewed_result,retained_run,1,,,194ba7ad46b95e56618e7b3f7c0dbff5c6e99cfcb19f1d7569f48a5aa35e7aca,194ba7ad46b95e56618e7b3f7c0dbff5c6e99cfcb19f1d7569f48a5aa35e7aca,match
forall_sol_low_codex,378,reviewed_accepted,accepted,reviewed_result,retained_run,1,,,ea9fcb72f156edd6a3386beac2e7d4a71e278aec9c684025e90402a170fa86c9,ea9fcb72f156edd6a3386beac2e7d4a71e278aec9c684025e90402a170fa86c9,match
forall_sol_low_codex,381,reviewed_accepted,accepted,reviewed_result,retained_run,1,,,49c0b9944ebf9b13ee1605ac0354e3f591353365b454f8eae5df7a93e5233584,49c0b9944ebf9b13ee1605ac0354e3f591353365b454f8eae5df7a93e5233584,match
forall_sol_low_codex,392,reviewed_accepted,accepted,reviewed_result,retained_run,1,,,4f3583e54af9b64ad0ece71b37a75c1a33a7889a757a31a6ec4d6a7f46e9cd9f,4f3583e54af9b64ad0ece71b37a75c1a33a7889a757a31a6ec4d6a7f46e9cd9f,match
forall_sol_low_codex,396,reviewed_accepted,accepted,reviewed_result,retained_run,1,,,bfef2f2c2178b9cdf4c6251d0979c4048975efc398b50da6eb33e01f49f812f6,bfef2f2c2178b9cdf4c6251d0979c4048975efc398b50da6eb33e01f49f812f6,match
forall_sol_low_codex,444,reviewed_accepted,accepted,reviewed_result,retained_run,1,,,51921e21325fae11ed1b13fdce654c39c479a0d8b69b8a4e2e645500e9aa2952,51921e21325fae11ed1b13fdce654c39c479a0d8b69b8a4e2e645500e9aa2952,match
forall_sol_low_codex,445,reviewed_accepted,accepted,reviewed_result,retained_run,1,,,fd3c2f93819f20c02ffcb0fb66c226c5b3d81f92c5eb8dbd93bd209df39de35b,fd3c2f93819f20c02ffcb0fb66c226c5b3d81f92c5eb8dbd93bd209df39de35b,match
forall_sol_low_codex,446,reviewed_accepted,accepted,reviewed_result,retained_run,1,,,b6bd8bfa2c911edfde0203f712d0bfa46bf03377605cc75edd0ba236de4341ba,b6bd8bfa2c911edfde0203f712d0bfa46bf03377605cc75edd0ba236de4341ba,match
forall_sol_low_codex,447,reviewed_accepted,accepted,reviewed_result,retained_run,2,,,b70678ed20eebe3982274f4bb275222367a30cc0816142d4da2037ed109c91b9,b70678ed20eebe3982274f4bb275222367a30cc0816142d4da2037ed109c91b9,match
forall_sol_low_codex,450,reviewed_accepted,accepted,reviewed_result,retained_run,1,,,2f3678c3eea2bed772fa82eed0c6ffea2b50c209cf54611b2c5e2950bc3516a3,2f3678c3eea2bed772fa82eed0c6ffea2b50c209cf54611b2c5e2950bc3516a3,match
forall_sol_low_codex,451,reviewed_accepted,accepted,reviewed_result,retained_run,1,,,827e4de651a5e76a4c9aa0f6a65e7ca5dae715fea401ae1a0d0811708f83f6b4,827e4de651a5e76a4c9aa0f6a65e7ca5dae715fea401ae1a0d0811708f83f6b4,match
forall_sol_low_codex,452,reviewed_accepted,accepted,reviewed_result,retained_run,1,,,223fc2274923919e0e31aa07fc217939b7e14242a5e202c864bd8f55d876944d,223fc2274923919e0e31aa07fc217939b7e14242a5e202c864bd8f55d876944d,match
forall_sol_low_codex,453,reviewed_accepted,accepted,reviewed_result,retained_run,1,,,f74c361e125457c64119948919b86a0d59c44ff14519173473230085a41dc058,f74c361e125457c64119948919b86a0d59c44ff14519173473230085a41dc058,match
forall_sol_low_codex,454,reviewed_accepted,accepted,reviewed_result,retained_run,3,,,7965e928c4bbaa527a3805e8806f956d5d40daf1e24f206254f4988becba2973,7965e928c4bbaa527a3805e8806f956d5d40daf1e24f206254f4988becba2973,match
forall_sol_low_codex,455,reviewed_accepted,accepted,reviewed_result,retained_run,1,,,06681ddde9b8d26df3e502e603d535f243c38afd9dae642ad6d28b11d380ec30,06681ddde9b8d26df3e502e603d535f243c38afd9dae642ad6d28b11d380ec30,match
forall_sol_low_codex,456,reviewed_accepted,accepted,reviewed_result,retained_run,1,,,a9181b6f6a3e19e118bdfc6d2c4bbd9910a90bef2eecf3ccd19c425639d93e16,a9181b6f6a3e19e118bdfc6d2c4bbd9910a90bef2eecf3ccd19c425639d93e16,match
forall_sol_low_codex,457,reviewed_accepted,accepted,reviewed_result,retained_run,1,,,831f0e1b67a31d02d12a7716d40eb47bda7d346b1cc5f262951cb95a1e8f82c2,831f0e1b67a31d02d12a7716d40eb47bda7d346b1cc5f262951cb95a1e8f82c2,match
forall_sol_low_codex,458,reviewed_accepted,accepted,reviewed_result,retained_run,1,,,34c6809c53ba0c7832b9ab7f06ce820733d854dce913054a9c1e31db4bc97098,34c6809c53ba0c7832b9ab7f06ce820733d854dce913054a9c1e31db4bc97098,match
forall_sol_low_codex,459,reviewed_accepted,accepted,reviewed_result,retained_run,1,,,e141534b38900ca84cb226f1a9ab7bd3e040f95e25fb9bf9a0455dfb11bf0837,e141534b38900ca84cb226f1a9ab7bd3e040f95e25fb9bf9a0455dfb11bf0837,match
forall_sol_low_codex,460,reviewed_accepted,accepted,reviewed_result,retained_run,1,,,863f140f08cb3f2311ac3e273b0645a960ca45099269d2848262dcb46f2da949,863f140f08cb3f2311ac3e273b0645a960ca45099269d2848262dcb46f2da949,match
forall_sol_low_codex,462,reviewed_accepted,accepted,reviewed_result,retained_run,1,,,b01efa973ad336e866b72a2223dc09a692de2fca52d86d9e5513cfe21f02f51d,b01efa973ad336e866b72a2223dc09a692de2fca52d86d9e5513cfe21f02f51d,match
forall_sol_low_codex,466,reviewed_accepted,accepted,reviewed_result,retained_run,1,,,4e9db0edc92d2fbff0f9f4514834cb20231aed074cef6c9cebc868c6dfd9bf37,4e9db0edc92d2fbff0f9f4514834cb20231aed074cef6c9cebc868c6dfd9bf37,match
forall_sol_low_codex,467,reviewed_accepted,accepted,reviewed_result,retained_run,1,,,f34c57acbea92fa80f24116f52eb08038652d0d44348ae25915f36f9c65dc9d3,f34c57acbea92fa80f24116f52eb08038652d0d44348ae25915f36f9c65dc9d3,match
forall_sol_low_codex,468,reviewed_accepted,accepted,reviewed_result,retained_run,1,,,24f42e52eb46b48ddd242f3b7ee3ca56ec22777c0fd9791963f4119b868d3464,24f42e52eb46b48ddd242f3b7ee3ca56ec22777c0fd9791963f4119b868d3464,match
forall_sol_low_codex,469,reviewed_accepted,accepted,reviewed_result,retained_run,1,,,54384ee5717c79b3f623a85f508bb28be1ceaa794dd0a3dae1a3891f7abd52fd,54384ee5717c79b3f623a85f508bb28be1ceaa794dd0a3dae1a3891f7abd52fd,match
forall_sol_low_codex,471,reviewed_accepted,accepted,reviewed_result,retained_run,1,,,f0507a9f2b208f69097c1a19211668065ad277debf73faae9212063a1fe5415d,f0507a9f2b208f69097c1a19211668065ad277debf73faae9212063a1fe5415d,match
forall_sol_low_codex,472,reviewed_accepted,accepted,reviewed_result,retained_run,1,,,36be212f1f0e59d47ef8e249e5dac3fa4acdc0b7c85d8c5625d9e3de166349f1,36be212f1f0e59d47ef8e249e5dac3fa4acdc0b7c85d8c5625d9e3de166349f1,match
forall_sol_low_codex,473,reviewed_accepted,accepted,reviewed_result,retained_run,1,,,06a893ea479fd1180cb1b1bd74821886063a10dad9545a0575145d9744b96a61,06a893ea479fd1180cb1b1bd74821886063a10dad9545a0575145d9744b96a61,match
codex_sol_xhigh,4,solved,accepted,result,retained_run,,1,,,8e9e71e757b96d5caf197bec0fc8fe4c000a3f5164de7fc78e9a58d9de0b97d6,unrecorded
codex_sol_xhigh,5,solved,accepted,result,retained_run,,1,,,65d031aae1ebc7a41469473249ddde040c53b0618bb6a764e0abf0c68bd74649,unrecorded
codex_sol_xhigh,14,solved,accepted,result,retained_run,,1,,,d2476b63663c9ef6fff6421a1906de6513e53d4cefa799caef505450beaf8db2,unrecorded
codex_sol_xhigh,15,solved,accepted,result,retained_run,,1,,,4cbfb2adae879c5376a04a552e7b4ffab5917da297717179938c55788d326419,unrecorded
codex_sol_xhigh,29,solved,accepted,result,retained_run,,2,,,76041b1e700b8b7c29cbbfb65beb50a2a2d1655b7b2838c28112696a6783c7a7,unrecorded
codex_sol_xhigh,121,failed,not_accepted,result,retained_run,,,,,66f73aeb046793769d463786dddab30bebd397fc6817114232ba4956cab2ed3a,unrecorded
codex_sol_xhigh,122,failed,not_accepted,result,retained_run,,,,,30c109145b9e91279fa4cbf4f9832b7bdb6ae9ba3c5dd08b7fbc2a0131f6378d,unrecorded
codex_sol_xhigh,123,solved,accepted,result,retained_run,,2,,,44d937f614607781c327e06d034cb212d34ab8e45d1dd36249972d9a1db119f3,unrecorded
codex_sol_xhigh,124,solved,accepted,result,retained_run,,1,,,881dff0a95b726b84b6e58bc22c4b202f083ae3c41a17989c6371934f1e10aeb,unrecorded
codex_sol_xhigh,125,solved,accepted,result,retained_run,,1,,,9ac12d607946a46c1e2d5d83403cdf6b12aa636b4bb097209d560ee57d17d739,unrecorded
codex_sol_xhigh,126,solved,accepted,result,retained_run,,1,,,b13edbe06dc5ea584f261d706a37db27a9d975cbaf71dd94281901ea586e7a5a,unrecorded
codex_sol_xhigh,127,solved,accepted,result,retained_run,,1,,,f69aee0e09adbaeed21663e4870f89982954d59d0e2ef38b108be7cb8c72ad03,unrecorded
codex_sol_xhigh,128,failed,not_accepted,result,retained_run,,,,,fede70798a6cb74c3fa5612f9259d9ced494c2125c0d586a9e575ebd83dcd00a,unrecorded
codex_sol_xhigh,129,solved,accepted,result,retained_run,,5,,,50aa77a10ade428839382ea4c28791f2cf4262e0762a51d34f29c3516ab58d4c,unrecorded
codex_sol_xhigh,131,solved,accepted,result,retained_run,,1,,,d9cea6df60e3dc399826f408296ec13383b8e81f528f8378df51c159ece0878c,unrecorded
codex_sol_xhigh,132,solved,accepted,result,retained_run,,1,,,3616a684c528c7bbb7a9d77aafa08649ccac8cb5d3ab582bda18992a73fe1e7d,unrecorded
codex_sol_xhigh,133,solved,accepted,result,retained_run,,1,,,d69b26e64b183915e67cd83327e4f8fd11586b34fed604f08c99c1611dacdef1,unrecorded
codex_sol_xhigh,134,solved,accepted,result,retained_run,,1,,,db3fa016a5f4fba99b8e2d45fbef9cea03e7a9eb2f5fc7e7472082a0df7039c4,unrecorded
codex_sol_xhigh,135,solved,accepted,result,retained_run,,1,,,dbacfe93cce5ad5a18b2c1f1786e3f988ee88cd30888ef524cb8c32e18b21459,unrecorded
codex_sol_xhigh,136,solved,accepted,result,retained_run,,2,,,7d78df64e1ada30bdf8fea5cd2c2b72ec00b95badf87c8a1475526f9ee4c3b13,unrecorded
codex_sol_xhigh,137,solved,accepted,result,retained_run,,1,,,3b0a31153b5961d18929ef11eb9da1e29249beb032cd48a159b528f79ff59b32,unrecorded
codex_sol_xhigh,138,solved,accepted,result,retained_run,,2,,,09b00ce493cd0e63a55959072559c39aeccee737f6293e8b2b9851d0eb860d32,unrecorded
codex_sol_xhigh,139,solved,accepted,result,retained_run,,5,,,c5d9be96503b718cf6c9544279bc7817cc0d1a82134ae94d3979cb1df66f75bc,unrecorded
codex_sol_xhigh,140,solved,accepted,result,retained_run,,3,,,61b9febf7642aa347e8a490981525d04098cc207d48697583b8d7b247ce75df3,unrecorded
codex_sol_xhigh,141,solved,accepted,result,retained_run,,1,,,ec79fc893e533d7f3ba83249acece77c6184c3ba744326bfc8cb534ed8232d16,unrecorded
codex_sol_xhigh,142,solved,accepted,result,retained_run,,1,,,5d6440a3ddb18144765a4057b8079ee7b77c5f87e621d19391dd378549c28e0d,unrecorded
codex_sol_xhigh,143,solved,accepted,result,retained_run,,1,,,61b19e763d243a43ddbd54c031eeaf55e6f6e7e4104843dd3c13b39d7d07c818,unrecorded
codex_sol_xhigh,144,solved,accepted,result,retained_run,,1,,,02b27f00acee8396e768597298e235d8f429fa110c3be8950e24bb7f5cd22b66,unrecorded
codex_sol_xhigh,145,solved,accepted,result,retained_run,,2,,,f6dcd3d515fa7ded8477942c41fba51fbe952bba52077b44ec35807c51fc4c3c,unrecorded
codex_sol_xhigh,146,solved,accepted,result,retained_run,,1,,,83eee1aec5ec5e980366c43b874bad5d5bf67d43d6083b20a434310ec4527767,unrecorded
codex_sol_xhigh,147,solved,accepted,result,retained_run,,1,,,341e35296501f742337faa4160e86c027d261006f979be6c132f7844eabc51a1,unrecorded
codex_sol_xhigh,148,solved,accepted,result,retained_run,,1,,,c44870d717c9bd21057d4d827d16aa3abea77b5c604bde3209bccf115a9bdebb,unrecorded
codex_sol_xhigh,149,solved,accepted,result,retained_run,,1,,,24f3398ec8452efea309e0fee8d98321ffe629e693cf18a172dde6397b205c69,unrecorded
codex_sol_xhigh,150,solved,accepted,result,retained_run,,1,,,34411ab1c171f610d127ec1a8d15118f4b423d1bc6b30141c308dbbdcd388271,unrecorded
codex_sol_xhigh,152,solved,accepted,result,retained_run,,1,,,d4dbfe773f84744439ae756d3b5323e273e5c295a663f46170fdb29cb903f9c1,unrecorded
codex_sol_xhigh,153,solved,accepted,result,retained_run,,1,,,7ab780a1098699e48b4574e431dcea400fa2d855822beeb9af778b3000c2cb27,unrecorded
codex_sol_xhigh,154,solved,accepted,result,retained_run,,1,,,885b857f39cf9ad5cb7cf62e5f2c704c8b3342170f1218178546e6e544eeede1,unrecorded
codex_sol_xhigh,155,solved,accepted,result,retained_run,,1,,,2165cd59746a193215a090e79dd838ad404abef7536f4a7482ed774952ab7885,unrecorded
codex_sol_xhigh,156,solved,accepted,result,retained_run,,1,,,8d1a5d93f4da71cc653f0b2ee1452ec797b9f0eac8dcb3e895a5ffa9e775a122,unrecorded
codex_sol_xhigh,157,solved,accepted,result,retained_run,,1,,,2cd7734c98ad0f08cca939f90f508f834486a90ef762802c7a584b36bab8248f,unrecorded
codex_sol_xhigh,158,solved,accepted,result,retained_run,,1,,,2e811c79c6bfc94cfda3f09733b09035004285bafc3d3a570ab9f02c50426d65,unrecorded
codex_sol_xhigh,159,solved,accepted,result,retained_run,,1,,,59d18700407355b05e2627054c25f2413f51f5a58e84a8fae0019247525df722,unrecorded
codex_sol_xhigh,160,solved,accepted,result,retained_run,,1,,,1e938f997c03fde29b7da9a739876e508e445aef5f3b1c17aa1e20bfa76e855e,unrecorded
codex_sol_xhigh,161,solved,accepted,result,retained_run,,1,,,febe6acfbf255259343bba315fcbc212523e7d1923672173aa11964b92c2f501,unrecorded
codex_sol_xhigh,163,solved,accepted,result,retained_run,,1,,,c8e11bcdfc3f6e4f8267030771a794fa689b0295c4f4e4cdffa715a75a3691c0,unrecorded
codex_sol_xhigh,164,solved,accepted,result,retained_run,,1,,,9cc14ff20ae9cbd6154f2a52dbd8b229ba45b547e161e675bcd9511436147ba4,unrecorded
codex_sol_xhigh,165,solved,accepted,result,retained_run,,2,,,f0cbc9f838580440c03558a5d314ae7facea5e0fb4b7585d2e86a0d384032201,unrecorded
codex_sol_xhigh,168,solved,accepted,result,retained_run,,1,,,9cb818d2d93c2727d09566b9bff20a441e3029b6d9f725409d2485e4e7d4bc6d,unrecorded
codex_sol_xhigh,169,solved,accepted,result,retained_run,,1,,,f2aa5ee1b022d07814efcc52697dee064ee794e4330e268bd043fb8570bc6aa4,unrecorded
codex_sol_xhigh,171,solved,accepted,result,retained_run,,1,,,25cd824be65f7782eaea70e4c123b9fef0f760b1cc92865a3cce9b2c23fe7510,unrecorded
codex_sol_xhigh,176,solved,accepted,result,retained_run,,1,,,6dae7a4c13eeba14a9e00a5efa2eafbe399fdc66bacde29e9125e72763d4419b,unrecorded
codex_sol_xhigh,178,solved,accepted,result,retained_run,,1,,,38b0973f2d3ad4d0ba90b186950a4c03ee123fa6b54d54a650ef63db5931fe7b,unrecorded
codex_sol_xhigh,194,solved,accepted,result,retained_run,,1,,,609364a0a4170d51d91f42c321978c85520017498f902b15577eb2c8ca0b947d,unrecorded
codex_sol_xhigh,222,solved,accepted,result,dependency_recovery,,1,,,e3b0c44298fc1c149afbf4c8996fb92427ae41e4649b934ca495991b7852b855,unrecorded
codex_sol_xhigh,245,solved,accepted,result,retained_run,,1,,,af47bacbc6a86b27b8bace37c5e393f64eaf672be35592b9e174882f55feff0b,unrecorded
codex_sol_xhigh,246,solved,accepted,result,retained_run,,1,,,ee9de06559349b7445b8cce65ae7b6d1cbc606fae7d0bf0f08b0235340cf043e,unrecorded
codex_sol_xhigh,247,solved,accepted,result,retained_run,,1,,,519200de7621d019cb934587921a9ad019b7f925c321f70a8f04d25576a1743c,unrecorded
codex_sol_xhigh,249,solved,accepted,result,retained_run,,1,,,27a7074834e8ea2626e500a247d452442d1e84574433b72f77c740c9601ee3bf,unrecorded
codex_sol_xhigh,250,solved,accepted,result,retained_run,,1,,,8a3a93bb7c97201527639bdca1c89e4daddfd6df00cf1be85525de19146f9cde,unrecorded
codex_sol_xhigh,265,solved,accepted,result,retained_run,,1,,,0954bb08a616da5df7ff3c4ec017c1ad54ae42e0234b6a74ae7f318c81d42185,unrecorded
codex_sol_xhigh,266,solved,accepted,result,retained_run,,1,,,b40189ee720a548ac7356aaeefd0d624c1eea1c3addf1c6087f1a0c64cf33e61,unrecorded
codex_sol_xhigh,268,solved,accepted,result,retained_run,,1,,,c635b0374e6cf236f9e60ca16defd500a1a28128f83ece25d734226318c4546b,unrecorded
codex_sol_xhigh,271,solved,accepted,result,retained_run,,1,,,78b87f795b20317633e42847b823d17d1d2142391bc43b22c2e1f7685b0720de,unrecorded
codex_sol_xhigh,272,solved,accepted,result,retained_run,,1,,,5db9ed34f9c948121bc5e3604e7af409177324cb6446646736ddea79368231d9,unrecorded
codex_sol_xhigh,273,solved,accepted,result,retained_run,,1,,,55bb1d2b3592d701c5afebad8b3fda7b59f42b15afe185158efe80ad1ba12894,unrecorded
codex_sol_xhigh,274,solved,accepted,result,retained_run,,1,,,91160865cfaf6a4ab89ff179eed3d595591aa21690f1a3914bfd6dd37e98a07f,unrecorded
codex_sol_xhigh,275,solved,accepted,result,retained_run,,1,,,0f21e719c88ff1bf10e08b04d355b6dbbd4eb78c1068c1c6118e27114d98c7a6,unrecorded
codex_sol_xhigh,277,solved,accepted,result,retained_run,,6,,,171b6a18097f7d3bae356c8efe0f90a3b2768ee8d55397cfe268adfe17d89119,unrecorded
codex_sol_xhigh,281,solved,accepted,result,retained_run,,2,,,86bca0b4350795e6858ffa49eb77124496ffd8a45c745db39127f8797304da1f,unrecorded
codex_sol_xhigh,356,solved,accepted,result,retained_run,,2,,,916c0610cd20ce9aab2793747d0eb02c2a62bc304c8fe3f67c82e8391d78fd9a,unrecorded
codex_sol_xhigh,357,solved,accepted,result,retained_run,,2,,,c1567bcea4f36b7949344e17cbb3bf5491e356586b6c242e0956739269831651,unrecorded
codex_sol_xhigh,359,solved,accepted,result,retained_run,,1,,,c947523aa756392e80b942c459e373639b663141230b2353917aa5891eba4d34,unrecorded
codex_sol_xhigh,361,solved,accepted,result,retained_run,,2,,,628bfa1a433dfc92ea8ffc9a92699f89b4e9bd6acf5c7c2450c8acdf9881ba79,unrecorded
codex_sol_xhigh,378,solved,accepted,result,retained_run,,1,,,dcdb9770dfff4814d1bee263a11ea547d2c1f11406ebd9a909a11837af004363,unrecorded
codex_sol_xhigh,381,solved,accepted,result,retained_run,,1,,,aaef0c47ad2990940af88d75cf3e597f12710168f2dcc3457ad86aeb0cfa578a,unrecorded
codex_sol_xhigh,392,solved,accepted,result,retained_run,,1,,,d7b8937b303cf8ecf98ce4ffb02a58c0e80ad4b08e603feef92e15358ee3f7fc,unrecorded
codex_sol_xhigh,396,solved,accepted,result,retained_run,,1,,,fa047f12a1d2c51966c0c1164db8b24719cb29673ac4c94aa69906f3394b9af5,unrecorded
codex_sol_xhigh,444,solved,accepted,result,retained_run,,1,,,25d3c777c795f9538117e661c56af9e348bf74927701d44dc9f49091e39e5673,unrecorded
codex_sol_xhigh,445,solved,accepted,result,retained_run,,1,,,f111aa88de26a7560ecf18ebb288ff6ea95bdc20ab4bd2fb61e87698a4d5cbe4,unrecorded
codex_sol_xhigh,446,solved,accepted,result,retained_run,,1,,,85bb871d64f3318bf55a79a1f27b0bb314eaa18475bc96bab91322bf0b9310f5,unrecorded
codex_sol_xhigh,447,solved,accepted,result,retained_run,,2,,,fd622b37ef81af0c7434c7b5c26f4e6038f4e7383426ba7c01605421c0acadc2,unrecorded
codex_sol_xhigh,450,solved,accepted,result,retained_run,,1,,,4b33341222441eba46f64654397db9575a936ff3f3286d1d0a090b9c489fc884,unrecorded
codex_sol_xhigh,451,solved,accepted,result,retained_run,,1,,,fa0a519bc190b551197ef87d859f413fbb3e57c36c5d4da515ad786a71779326,unrecorded
codex_sol_xhigh,452,solved,accepted,result,retained_run,,1,,,f56bc12d73686bfd8c6e700076cf6437a75d0cae999a36f18db0c4d7e3c03f0c,unrecorded
codex_sol_xhigh,453,solved,accepted,result,retained_run,,1,,,f6a86f9e63a64df0e755b323bf2c5bb8de80b21e0893fa41cb62b2a99fc541eb,unrecorded
codex_sol_xhigh,454,solved,accepted,result,retained_run,,1,,,eebf017057d38fb77cc197cb966a71c7b06c9001efbf2ddcea4ef4e3b8c71085,unrecorded
codex_sol_xhigh,455,solved,accepted,result,retained_run,,1,,,7fe32ec3f18eb0e31fbb79cb71f6822470b5596dc6fae91de6b7dc3cd0e8270d,unrecorded
codex_sol_xhigh,456,solved,accepted,result,retained_run,,1,,,971d4604dabdf1c5e430dcea12553e15d53e7154ae08feb5d17c90ada8332181,unrecorded
codex_sol_xhigh,457,solved,accepted,result,retained_run,,1,,,d4ae99da5f8564d41c671bfc57e81962640dcb9fcee0574b6a80b8343a8be3be,unrecorded
codex_sol_xhigh,458,solved,accepted,result,retained_run,,1,,,bbfdbc65d465efabbcac869c5df20951196df21fccab191565e8a84c6e627dec,unrecorded
codex_sol_xhigh,459,solved,accepted,result,retained_run,,1,,,b944aa21091619bc27fc7a173b9c83f8e60f277f2094fe75b9dac903054f7547,unrecorded
codex_sol_xhigh,460,solved,accepted,result,retained_run,,1,,,dc7daca897e08c0f61503368e713dea98d3604a8662174b502311bc159a33683,unrecorded
codex_sol_xhigh,462,solved,accepted,result,retained_run,,1,,,0e7d6928a1a2b28e033f2807c6618c43055d86644fef89b3c77204a77f28e638,unrecorded
codex_sol_xhigh,466,solved,accepted,result,retained_run,,1,,,65b3e64fdcb55cf92f646a4e79d97a24136da694c29e76076afce866074ee977,unrecorded
codex_sol_xhigh,467,solved,accepted,result,retained_run,,1,,,f6e1667ba71eec03b998010d96f2b8d23ad1b087e1d6db2bc90cb52aa6b5c46d,unrecorded
codex_sol_xhigh,468,solved,accepted,result,retained_run,,1,,,f0efba1bb773b0afb1d8be08d877c346e16c2195a46e3d448f55801dd4b030c0,unrecorded
codex_sol_xhigh,469,solved,accepted,result,retained_run,,1,,,ee64d7613783da93027f3458ad8a6f895361256f28e7375a31280ef8ee60d457,unrecorded
codex_sol_xhigh,471,solved,accepted,result,retained_run,,1,,,7e5649838909431c48232ef404ade73e671aa3699b9e0b88006c720af5bc4792,unrecorded
codex_sol_xhigh,472,solved,accepted,result,retained_run,,1,,,5d6cec6f1cc46eb35737421fccec0c8ab65321613672a43d465ae50b4822f61d,unrecorded
codex_sol_xhigh,473,solved,accepted,result,retained_run,,1,,,2bc06f908e326700fec15384f73928069b9c38285a858c24bc712828d65982bf,unrecorded
forall_sol_xhigh_codex,4,reviewed_accepted,accepted,reviewed_result,original_pass,2,,,449f6c464362f4a414d5ec4b9897e2193a2328c193fbbbe80cc06df7371f1973,449f6c464362f4a414d5ec4b9897e2193a2328c193fbbbe80cc06df7371f1973,match
forall_sol_xhigh_codex,5,reviewed_accepted,accepted,reviewed_result,original_pass,1,,,d6a4274b0b1efb6edc76003b465e158b0ed739e49658f4b072b64f63b9ab465f,d6a4274b0b1efb6edc76003b465e158b0ed739e49658f4b072b64f63b9ab465f,match
forall_sol_xhigh_codex,14,reviewed_accepted,accepted,reviewed_result,original_pass,1,,,43e9c0e2ebf4646ec7df90a8eec1dddd994a6899e8f650b645a5d22c044ad572,43e9c0e2ebf4646ec7df90a8eec1dddd994a6899e8f650b645a5d22c044ad572,match
forall_sol_xhigh_codex,15,reviewed_accepted,accepted,reviewed_result,original_pass,2,,,dc69d1c40f91ef9617abb4bde01fdd31741e62e99076fbe89181c6fda2e5e2bf,dc69d1c40f91ef9617abb4bde01fdd31741e62e99076fbe89181c6fda2e5e2bf,match
forall_sol_xhigh_codex,29,reviewed_accepted,accepted,reviewed_result,original_pass,1,,,f9ddbb31a5f9d59c548b84ba0b90f813c0e05e8f2d65230c7cab247288ae7c41,f9ddbb31a5f9d59c548b84ba0b90f813c0e05e8f2d65230c7cab247288ae7c41,match
forall_sol_xhigh_codex,121,reviewed_accepted,accepted,reviewed_result,original_pass,3,,,3ee72c8940c7f59328d4719b640afdb531f070b09a7bd2154a2a17b0dca937c6,3ee72c8940c7f59328d4719b640afdb531f070b09a7bd2154a2a17b0dca937c6,match
forall_sol_xhigh_codex,122,reviewed_accepted,accepted,reviewed_result,original_pass,1,,,6e35bb2ef0b9fb00b556931cf48d2994f5ad047f1d6f4b3c62270adf4b2aa535,6e35bb2ef0b9fb00b556931cf48d2994f5ad047f1d6f4b3c62270adf4b2aa535,match
forall_sol_xhigh_codex,123,reviewed_accepted,accepted,reviewed_result,original_pass,1,,,7d5d9efcf27f17cfc54b16152392377df49a9e2cbb4e80b906d535f164978610,7d5d9efcf27f17cfc54b16152392377df49a9e2cbb4e80b906d535f164978610,match
forall_sol_xhigh_codex,124,reviewed_accepted,accepted,reviewed_result,original_pass,1,,,fb81657878ea04aef175fe12390ab0ce80a0ef73e87740bcb49683eb9d72e3f3,fb81657878ea04aef175fe12390ab0ce80a0ef73e87740bcb49683eb9d72e3f3,match
forall_sol_xhigh_codex,125,reviewed_accepted,accepted,reviewed_result,original_pass,2,,,2e6f0f53e3d53c12a0133d809f0446282ceaa1a29ebe5b06b341a7316f66b180,2e6f0f53e3d53c12a0133d809f0446282ceaa1a29ebe5b06b341a7316f66b180,match
forall_sol_xhigh_codex,126,reviewed_accepted,accepted,reviewed_result,original_pass,1,,,e4b768f344e11225b4bd5b561ca86dbd07804b7583d0c98863084a3fc70d2eaf,e4b768f344e11225b4bd5b561ca86dbd07804b7583d0c98863084a3fc70d2eaf,match
forall_sol_xhigh_codex,127,reviewed_accepted,accepted,reviewed_result,original_pass,1,,,feef6fe09da55b650dbadab94e0c907e9abe0bce87ac0489c0233d990f959a9e,feef6fe09da55b650dbadab94e0c907e9abe0bce87ac0489c0233d990f959a9e,match
forall_sol_xhigh_codex,128,reviewed_accepted,accepted,reviewed_result,original_pass,1,,,6233153ce398bd304b0bec38f04c982d365ac880a828aa97c7f20d88ec387766,6233153ce398bd304b0bec38f04c982d365ac880a828aa97c7f20d88ec387766,match
forall_sol_xhigh_codex,129,reviewed_accepted,accepted,reviewed_result,original_pass,2,,,8b73e152fcb4a0df2137983da8fee87f5911ceb6e07960fab290df0ef0bd9859,8b73e152fcb4a0df2137983da8fee87f5911ceb6e07960fab290df0ef0bd9859,match
forall_sol_xhigh_codex,131,reviewed_accepted,accepted,reviewed_result,original_pass,1,,,135783b36eecd1d6e2d9659698970a9243f711542218b59ba4265e75219fc02c,135783b36eecd1d6e2d9659698970a9243f711542218b59ba4265e75219fc02c,match
forall_sol_xhigh_codex,132,reviewed_accepted,accepted,reviewed_result,original_pass,2,,,62452181d7fb16704a7027424a30afefba6bff1bce1dfd8ce1500a8e6c1c8505,62452181d7fb16704a7027424a30afefba6bff1bce1dfd8ce1500a8e6c1c8505,match
forall_sol_xhigh_codex,133,reviewed_accepted,accepted,reviewed_result,original_pass,1,,,6f83dbe675028239ff8a6dfd35aa83bc8916353bb04a26ca3d41eb76d0a56954,6f83dbe675028239ff8a6dfd35aa83bc8916353bb04a26ca3d41eb76d0a56954,match
forall_sol_xhigh_codex,134,reviewed_accepted,accepted,reviewed_result,original_pass,1,,,2dc78cac72ab169cd99c45a13d5d5f18ed478501ca9dca99215fc19ff9f0ceef,2dc78cac72ab169cd99c45a13d5d5f18ed478501ca9dca99215fc19ff9f0ceef,match
forall_sol_xhigh_codex,135,reviewed_accepted,accepted,reviewed_result,original_pass,1,,,6c40258a1fd77896770a52cb0bb02206ec9bee61402279497a304f1b3a567a03,6c40258a1fd77896770a52cb0bb02206ec9bee61402279497a304f1b3a567a03,match
forall_sol_xhigh_codex,136,reviewed_accepted,accepted,reviewed_result,original_pass,1,,,2b93363a7a6c87939de211df0d665f73f474fac34958180e01196355adafd15e,2b93363a7a6c87939de211df0d665f73f474fac34958180e01196355adafd15e,match
forall_sol_xhigh_codex,137,reviewed_accepted,accepted,reviewed_result,original_pass,1,,,4a962f9f725160da2ef4d95c40dd0d250bb750516de23cc4c86b0f025ba9dc9a,4a962f9f725160da2ef4d95c40dd0d250bb750516de23cc4c86b0f025ba9dc9a,match
forall_sol_xhigh_codex,138,reviewed_accepted,accepted,reviewed_result,original_pass,2,,,5d92ed18068f8dfdf8494c93caf479a474244b7ddf21b71e2685f3c8331dc55b,5d92ed18068f8dfdf8494c93caf479a474244b7ddf21b71e2685f3c8331dc55b,match
forall_sol_xhigh_codex,139,reviewed_accepted,accepted,reviewed_result,original_pass,1,,,de2a14dab7cd46e85a961fc2978ea394e095893c87f8abfa3469c9b21903956d,de2a14dab7cd46e85a961fc2978ea394e095893c87f8abfa3469c9b21903956d,match
forall_sol_xhigh_codex,140,reviewed_accepted,accepted,reviewed_result,fresh_retry,2,,,ee37238f26f8de92032f147eca1d16bdd7aea63b37d9b2d5342a0f94071437f0,ee37238f26f8de92032f147eca1d16bdd7aea63b37d9b2d5342a0f94071437f0,match
forall_sol_xhigh_codex,141,reviewed_accepted,accepted,reviewed_result,original_pass,2,,,76328af0ae0cb533df6be2caab966c90c8a3ca10840183bc9207dff56aac0512,76328af0ae0cb533df6be2caab966c90c8a3ca10840183bc9207dff56aac0512,match
forall_sol_xhigh_codex,142,reviewed_accepted,accepted,reviewed_result,original_pass,1,,,ef433d3d64fc30bd1512cbeb0c2c5a6d05710360769b3fe3aca15c372b3d113a,ef433d3d64fc30bd1512cbeb0c2c5a6d05710360769b3fe3aca15c372b3d113a,match
forall_sol_xhigh_codex,143,reviewed_accepted,accepted,reviewed_result,original_pass,1,,,90358fc4e1c4d571cfcf6ec2ae5b5885088a88a1839c40b25f7d34c41a28f37e,90358fc4e1c4d571cfcf6ec2ae5b5885088a88a1839c40b25f7d34c41a28f37e,match
forall_sol_xhigh_codex,144,reviewed_accepted,accepted,reviewed_result,original_pass,1,,,9d5c977b00fdd82f95f1d8ed0338f2da49f751dd44917606af89e52f68e929a3,9d5c977b00fdd82f95f1d8ed0338f2da49f751dd44917606af89e52f68e929a3,match
forall_sol_xhigh_codex,145,reviewed_accepted,accepted,reviewed_result,original_pass,1,,,2dc4584f20a1abc180f9871d3bf6f449bff45c334b886ee46b17706b20b12227,2dc4584f20a1abc180f9871d3bf6f449bff45c334b886ee46b17706b20b12227,match
forall_sol_xhigh_codex,146,reviewed_accepted,accepted,reviewed_result,original_pass,1,,,e22e20b36e58545f2026c033d51ec145ef9a612dd6b7c557f49bed9db6d868c4,e22e20b36e58545f2026c033d51ec145ef9a612dd6b7c557f49bed9db6d868c4,match
forall_sol_xhigh_codex,147,reviewed_accepted,accepted,reviewed_result,original_pass,1,,,eb4216d2060023a94cf753cdbee63280c43b7ead20f4258546f29c294b05a944,eb4216d2060023a94cf753cdbee63280c43b7ead20f4258546f29c294b05a944,match
forall_sol_xhigh_codex,148,reviewed_accepted,accepted,reviewed_result,original_pass,1,,,6a8ad0df90030fe09a3b75df24a88402da61fd393bc7ff74b462e2c92e7df677,6a8ad0df90030fe09a3b75df24a88402da61fd393bc7ff74b462e2c92e7df677,match
forall_sol_xhigh_codex,149,reviewed_accepted,accepted,reviewed_result,original_pass,1,,,d9410a15cfc3919379a9b09a758da733a30d23a838713d31b6738972158a0f46,d9410a15cfc3919379a9b09a758da733a30d23a838713d31b6738972158a0f46,match
forall_sol_xhigh_codex,150,reviewed_accepted,accepted,reviewed_result,original_pass,1,,,5fd01d9e0d0829d5bb5fb267ad41351f5383d6c5a8c280d558f2f8fa8b963efa,5fd01d9e0d0829d5bb5fb267ad41351f5383d6c5a8c280d558f2f8fa8b963efa,match
forall_sol_xhigh_codex,152,reviewed_accepted,accepted,reviewed_result,original_pass,1,,,520071894db226ae875f9b7b9d984fa5dd67e8903a30bfda413ee5c65f061a80,520071894db226ae875f9b7b9d984fa5dd67e8903a30bfda413ee5c65f061a80,match
forall_sol_xhigh_codex,153,reviewed_accepted,accepted,reviewed_result,original_pass,1,,,d169c412c9327c69792c6781f3f92866cab3bcba3e87ad6f27a034ffc5e88319,d169c412c9327c69792c6781f3f92866cab3bcba3e87ad6f27a034ffc5e88319,match
forall_sol_xhigh_codex,154,reviewed_accepted,accepted,reviewed_result,original_pass,1,,,a9a54e05c32b422c506db8e4ad5a9c195bb701c2e4f68768f6312f5fd73cd0b1,a9a54e05c32b422c506db8e4ad5a9c195bb701c2e4f68768f6312f5fd73cd0b1,match
forall_sol_xhigh_codex,155,reviewed_accepted,accepted,reviewed_result,original_pass,1,,,5a1a15566e4ac0291d61c54e5e854539e935cc53af71bcc946bfcf91f031f61c,5a1a15566e4ac0291d61c54e5e854539e935cc53af71bcc946bfcf91f031f61c,match
forall_sol_xhigh_codex,156,reviewed_accepted,accepted,reviewed_result,original_pass,1,,,ace086d18137cf49ccfe8d93684ee304ffcc3b457e657d6b1b3091f6fa8208de,ace086d18137cf49ccfe8d93684ee304ffcc3b457e657d6b1b3091f6fa8208de,match
forall_sol_xhigh_codex,157,reviewed_accepted,accepted,reviewed_result,original_pass,1,,,44e78e0b6476567664b600521f9a642ef78fcb4f1a0bd13d473bb7cb097643ed,44e78e0b6476567664b600521f9a642ef78fcb4f1a0bd13d473bb7cb097643ed,match
forall_sol_xhigh_codex,158,reviewed_accepted,accepted,reviewed_result,original_pass,1,,,b4e1d50b8e7f833fa2447ad00f55db7da24cda211c49b02f39e581b5164d7dce,b4e1d50b8e7f833fa2447ad00f55db7da24cda211c49b02f39e581b5164d7dce,match
forall_sol_xhigh_codex,159,reviewed_accepted,accepted,reviewed_result,original_pass,1,,,0fc640386f2576ffbcf7958e206e77a304b118c4361ce6a828fa032c94b9e16c,0fc640386f2576ffbcf7958e206e77a304b118c4361ce6a828fa032c94b9e16c,match
forall_sol_xhigh_codex,160,reviewed_accepted,accepted,reviewed_result,original_pass,1,,,f34fea4e29880ff24fe7d9e5fc1f50013b8fb41afa8879ead0c2b9147f477550,f34fea4e29880ff24fe7d9e5fc1f50013b8fb41afa8879ead0c2b9147f477550,match
forall_sol_xhigh_codex,161,reviewed_accepted,accepted,reviewed_result,original_pass,2,,,dbed293e495fd4925447557f6bbb50f3ff9248bb5f5a2cb92d38cc07b9b59176,dbed293e495fd4925447557f6bbb50f3ff9248bb5f5a2cb92d38cc07b9b59176,match
forall_sol_xhigh_codex,163,reviewed_accepted,accepted,reviewed_result,original_pass,1,,,579505af054df93b318f1852e433a0a5e3c8e7f71fcb7110a24bcbbf4486719f,579505af054df93b318f1852e433a0a5e3c8e7f71fcb7110a24bcbbf4486719f,match
forall_sol_xhigh_codex,164,reviewed_accepted,accepted,reviewed_result,original_pass,2,,,8a053386a393a88bae23678402244259b8a63f123e55f0412d7aca6c6f5cb82a,8a053386a393a88bae23678402244259b8a63f123e55f0412d7aca6c6f5cb82a,match
forall_sol_xhigh_codex,165,reviewed_accepted,accepted,reviewed_result,original_pass,2,,,607ff807f4dc24f5cfa374e4be3ba4c6234b4a359b897bde35f26473d08b29eb,607ff807f4dc24f5cfa374e4be3ba4c6234b4a359b897bde35f26473d08b29eb,match
forall_sol_xhigh_codex,168,reviewed_accepted,accepted,reviewed_result,original_pass,1,,,bcc07621cad14303b7f9a8aed26a5f3f9709a7ef18a8624935d84a9b9f1c670c,bcc07621cad14303b7f9a8aed26a5f3f9709a7ef18a8624935d84a9b9f1c670c,match
forall_sol_xhigh_codex,169,reviewed_accepted,accepted,reviewed_result,original_pass,2,,,6f4f6ac647b4e9390f560ce6219a3d06c3b1116c0e8e7ba0477143fed603ddcd,6f4f6ac647b4e9390f560ce6219a3d06c3b1116c0e8e7ba0477143fed603ddcd,match
forall_sol_xhigh_codex,171,reviewed_accepted,accepted,reviewed_result,original_pass,1,,,840798aa5975d3edb096fd2401181db24b04391c97e283b943ce33846f3a9e70,840798aa5975d3edb096fd2401181db24b04391c97e283b943ce33846f3a9e70,match
forall_sol_xhigh_codex,176,reviewed_accepted,accepted,reviewed_result,original_pass,1,,,2e4d4fef97d41f183a09e08c4f02450a67df95805a990a22a1e20c7b8bb8f29d,2e4d4fef97d41f183a09e08c4f02450a67df95805a990a22a1e20c7b8bb8f29d,match
forall_sol_xhigh_codex,178,reviewed_accepted,accepted,reviewed_result,original_pass,1,,,584d68f69858899c3db04e9da05b65a539a41a44cb5d1f8e98d092abe3f19318,584d68f69858899c3db04e9da05b65a539a41a44cb5d1f8e98d092abe3f19318,match
forall_sol_xhigh_codex,194,reviewed_accepted,accepted,reviewed_result,original_pass,2,,,a14794e8d2479f1a37fd26dca1e78c2bd3cbbf2e254e67ba358ca20e204d76bd,a14794e8d2479f1a37fd26dca1e78c2bd3cbbf2e254e67ba358ca20e204d76bd,match
forall_sol_xhigh_codex,222,reviewed_accepted,accepted,reviewed_result,dependency_recovery,2,,,3fc16a97609c576f1dc514ff5f0e3d9b2de40353af6791f2f5ad1772ac0b4be4,3fc16a97609c576f1dc514ff5f0e3d9b2de40353af6791f2f5ad1772ac0b4be4,match
forall_sol_xhigh_codex,245,reviewed_accepted,accepted,reviewed_result,original_pass,2,,,6a509f73dce933a1eea53dc600790a73a49a0b5a2f5e0e3cb60832103dc308ca,6a509f73dce933a1eea53dc600790a73a49a0b5a2f5e0e3cb60832103dc308ca,match
forall_sol_xhigh_codex,246,reviewed_accepted,accepted,reviewed_result,original_pass,1,,,ba2b275f71d1473b853ea0f36cb9667bb0886b723710e101b3f64b45c38f8307,ba2b275f71d1473b853ea0f36cb9667bb0886b723710e101b3f64b45c38f8307,match
forall_sol_xhigh_codex,247,reviewed_accepted,accepted,reviewed_result,original_pass,1,,,75cd8f46d4fe6bc9d9b69d7985c5ed64fdb42fcc37dbce6ce01e6371369b21ff,75cd8f46d4fe6bc9d9b69d7985c5ed64fdb42fcc37dbce6ce01e6371369b21ff,match
forall_sol_xhigh_codex,249,reviewed_accepted,accepted,reviewed_result,original_pass,2,,,d1bfc8fa278de4f2be5b04a2fcb1781386fff5671f24e2bbd14c6b6e21d155b2,d1bfc8fa278de4f2be5b04a2fcb1781386fff5671f24e2bbd14c6b6e21d155b2,match
forall_sol_xhigh_codex,250,reviewed_accepted,accepted,reviewed_result,original_pass,1,,,4076eb7fdbecf200eeaf2ddf0577f6ea3334e8a10dd3119c376bd8dfe4a8bca4,4076eb7fdbecf200eeaf2ddf0577f6ea3334e8a10dd3119c376bd8dfe4a8bca4,match
forall_sol_xhigh_codex,265,reviewed_accepted,accepted,reviewed_result,original_pass,1,,,26376f8101bd099de2ea1fdc6d7a97ee24217541e0a337902f62219467b7e7aa,26376f8101bd099de2ea1fdc6d7a97ee24217541e0a337902f62219467b7e7aa,match
forall_sol_xhigh_codex,266,reviewed_accepted,accepted,reviewed_result,original_pass,1,,,0a24e693eb9532036ceecf674c39d3fcaf4c349bcc7e87024997973d61c4ae56,0a24e693eb9532036ceecf674c39d3fcaf4c349bcc7e87024997973d61c4ae56,match
forall_sol_xhigh_codex,268,reviewed_accepted,accepted,reviewed_result,original_pass,2,,,e878602741f8b14778da25eef779ca6f24d0220f14ff40b8df2f68321fd469ac,e878602741f8b14778da25eef779ca6f24d0220f14ff40b8df2f68321fd469ac,match
forall_sol_xhigh_codex,271,reviewed_accepted,accepted,reviewed_result,original_pass,1,,,48ca1eb5911494b73783ab14f18dfbc368a62f25ce48c7db2c58acdcd2cd8fee,48ca1eb5911494b73783ab14f18dfbc368a62f25ce48c7db2c58acdcd2cd8fee,match
forall_sol_xhigh_codex,272,reviewed_accepted,accepted,reviewed_result,original_pass,1,,,bf1ac723f10f132fd899bde585a1937b87102109b6e38221b58b989c4b559897,bf1ac723f10f132fd899bde585a1937b87102109b6e38221b58b989c4b559897,match
forall_sol_xhigh_codex,273,reviewed_accepted,accepted,reviewed_result,original_pass,1,,,33e51a68a4c64a0dc15a69d807c33041c3bad23df0a3454ae009f7b996ec7f80,33e51a68a4c64a0dc15a69d807c33041c3bad23df0a3454ae009f7b996ec7f80,match
forall_sol_xhigh_codex,274,reviewed_accepted,accepted,reviewed_result,original_pass,1,,,29319dfb034cb5e5c74f4745629667d06214a8d220b037d84b664ae434fe741b,29319dfb034cb5e5c74f4745629667d06214a8d220b037d84b664ae434fe741b,match
forall_sol_xhigh_codex,275,reviewed_accepted,accepted,reviewed_result,original_pass,1,,,f846024a3650cdbfddbd05e3a4f4564f9dfd96acbf65d32eeb7b5459732cf31e,f846024a3650cdbfddbd05e3a4f4564f9dfd96acbf65d32eeb7b5459732cf31e,match
forall_sol_xhigh_codex,277,reviewed_accepted,accepted,reviewed_result,original_pass,2,,,027a43d862ee3198a1ca210164b2889741fd89237465b4953c2ec531aaaed5ac,027a43d862ee3198a1ca210164b2889741fd89237465b4953c2ec531aaaed5ac,match
forall_sol_xhigh_codex,281,reviewed_accepted,accepted,reviewed_result,original_pass,1,,,888a29d159e394f948356644cf37b72df3facf5f803daea72c665410c9900ecd,888a29d159e394f948356644cf37b72df3facf5f803daea72c665410c9900ecd,match
forall_sol_xhigh_codex,356,reviewed_accepted,accepted,reviewed_result,original_pass,1,,,74b0baa3d1a377ef8bbf61aadbd68d86b8fe2e945bf3cd1d7e7a76f481e47730,74b0baa3d1a377ef8bbf61aadbd68d86b8fe2e945bf3cd1d7e7a76f481e47730,match
forall_sol_xhigh_codex,357,reviewed_accepted,accepted,reviewed_result,original_pass,1,,,528f6dc34140049246fedfee5094457fb26b5fb5ed821705da1dac446da78a71,528f6dc34140049246fedfee5094457fb26b5fb5ed821705da1dac446da78a71,match
forall_sol_xhigh_codex,359,reviewed_accepted,accepted,reviewed_result,original_pass,1,,,b509e220d5d0e1d559bf475d5a3cc39aea67b7f9cbb595acfda8a02aaa99732b,b509e220d5d0e1d559bf475d5a3cc39aea67b7f9cbb595acfda8a02aaa99732b,match
forall_sol_xhigh_codex,361,reviewed_accepted,accepted,reviewed_result,original_pass,2,,,ee086320e3234e7fdd2a323a3d6574cf2d667721c7c960a620e5b9c343396305,ee086320e3234e7fdd2a323a3d6574cf2d667721c7c960a620e5b9c343396305,match
forall_sol_xhigh_codex,378,reviewed_accepted,accepted,reviewed_result,original_pass,1,,,de79ea949a2b7ca7ddb7cc0c027ca2e800dcf0a892377448a5a4999f3ee52076,de79ea949a2b7ca7ddb7cc0c027ca2e800dcf0a892377448a5a4999f3ee52076,match
forall_sol_xhigh_codex,381,reviewed_accepted,accepted,reviewed_result,original_pass,1,,,a786487bfda78660e4e6846e87101d31f74f7372810352d1dc4384e4ad68cfb2,a786487bfda78660e4e6846e87101d31f74f7372810352d1dc4384e4ad68cfb2,match
forall_sol_xhigh_codex,392,reviewed_accepted,accepted,reviewed_result,original_pass,1,,,1981aeda70fa03780e6a4120c8cc59745d6e2079c264a75456c47d9b51555685,1981aeda70fa03780e6a4120c8cc59745d6e2079c264a75456c47d9b51555685,match
forall_sol_xhigh_codex,396,reviewed_accepted,accepted,reviewed_result,original_pass,1,,,38e5de8a8cd254d5e7c501578a4f11cab98749b5dda55505843d1d4f87d33f0c,38e5de8a8cd254d5e7c501578a4f11cab98749b5dda55505843d1d4f87d33f0c,match
forall_sol_xhigh_codex,444,reviewed_accepted,accepted,reviewed_result,original_pass,1,,,6fae3bfdc0ebef8cf6aab8157a6da8e49d7efd3466f6d55240ad7516e2d318e1,6fae3bfdc0ebef8cf6aab8157a6da8e49d7efd3466f6d55240ad7516e2d318e1,match
forall_sol_xhigh_codex,445,reviewed_accepted,accepted,reviewed_result,original_pass,1,,,7ce4781ed4b21fe2d732a74a268266150e92c085759069b410a290ec99db4b8f,7ce4781ed4b21fe2d732a74a268266150e92c085759069b410a290ec99db4b8f,match
forall_sol_xhigh_codex,446,reviewed_accepted,accepted,reviewed_result,original_pass,1,,,85bb871d64f3318bf55a79a1f27b0bb314eaa18475bc96bab91322bf0b9310f5,85bb871d64f3318bf55a79a1f27b0bb314eaa18475bc96bab91322bf0b9310f5,match
forall_sol_xhigh_codex,447,reviewed_accepted,accepted,reviewed_result,original_pass,1,,,f0575892134cddb4b69dd3b7646b62b388b76958e49a60efa8fc7a588228e700,f0575892134cddb4b69dd3b7646b62b388b76958e49a60efa8fc7a588228e700,match
forall_sol_xhigh_codex,450,reviewed_accepted,accepted,reviewed_result,original_pass,1,,,07a90ebf6d5ab58d84e7f9eb65f3d2893a55bb5b9749bd4318fbc536ad74b118,07a90ebf6d5ab58d84e7f9eb65f3d2893a55bb5b9749bd4318fbc536ad74b118,match
forall_sol_xhigh_codex,451,reviewed_accepted,accepted,reviewed_result,original_pass,2,,,e7cf8122a5bcff539e5692d50df2e17a71dce30410106cda5748021ffc77ec1a,e7cf8122a5bcff539e5692d50df2e17a71dce30410106cda5748021ffc77ec1a,match
forall_sol_xhigh_codex,452,reviewed_accepted,accepted,reviewed_result,fresh_retry,2,,,8188c4498c05e7870655b547576315ed630225d3fb13e704f5f33b844c6f5298,8188c4498c05e7870655b547576315ed630225d3fb13e704f5f33b844c6f5298,match
forall_sol_xhigh_codex,453,reviewed_accepted,accepted,reviewed_result,original_pass,2,,,8ec5b15f7a775d898ae6c536d2462d57c23e702f5c510342968feda6906248ed,8ec5b15f7a775d898ae6c536d2462d57c23e702f5c510342968feda6906248ed,match
forall_sol_xhigh_codex,454,reviewed_accepted,accepted,reviewed_result,original_pass,2,,,dfbd38c229a4fbaf512d028d9cd27b70c9a527811437e678876ac344a2958538,dfbd38c229a4fbaf512d028d9cd27b70c9a527811437e678876ac344a2958538,match
forall_sol_xhigh_codex,455,reviewed_accepted,accepted,reviewed_result,original_pass,1,,,3cffb02e269ec08e3f19de96c01fa5967e224cf8c76c04e7829b8a0f4318602e,3cffb02e269ec08e3f19de96c01fa5967e224cf8c76c04e7829b8a0f4318602e,match
forall_sol_xhigh_codex,456,reviewed_accepted,accepted,reviewed_result,original_pass,2,,,f3df8b4d4d8d541d19da2471d9761ebb3d9be4a0c822186e9a3f784269299fd6,f3df8b4d4d8d541d19da2471d9761ebb3d9be4a0c822186e9a3f784269299fd6,match
forall_sol_xhigh_codex,457,reviewed_accepted,accepted,reviewed_result,original_pass,1,,,a544badbf2b899815054eafc3a32a09b0b1bc498f834881df1d46e881cbb83d7,a544badbf2b899815054eafc3a32a09b0b1bc498f834881df1d46e881cbb83d7,match
forall_sol_xhigh_codex,458,reviewed_accepted,accepted,reviewed_result,original_pass,1,,,17199a080abc70632ab4c59d7780cb7a0a640caf39d8eef43817fc85846d7d6d,17199a080abc70632ab4c59d7780cb7a0a640caf39d8eef43817fc85846d7d6d,match
forall_sol_xhigh_codex,459,reviewed_accepted,accepted,reviewed_result,original_pass,1,,,a2dc3a845ca582bfaed28a393772b3d4b3a24d4607a549bbc793d150c82f543a,a2dc3a845ca582bfaed28a393772b3d4b3a24d4607a549bbc793d150c82f543a,match
forall_sol_xhigh_codex,460,reviewed_accepted,accepted,reviewed_result,original_pass,1,,,94f4096512e6cc4415a5f9aae85480296a477515e1c4b05095987f1e53bb2f72,94f4096512e6cc4415a5f9aae85480296a477515e1c4b05095987f1e53bb2f72,match
forall_sol_xhigh_codex,462,reviewed_accepted,accepted,reviewed_result,fresh_retry,2,,,19c9dd61ba9c4c21466e6fdbc75dfbd96697e9fe5deb59ca13795af361f75aa9,19c9dd61ba9c4c21466e6fdbc75dfbd96697e9fe5deb59ca13795af361f75aa9,match
forall_sol_xhigh_codex,466,reviewed_accepted,accepted,reviewed_result,original_pass,1,,,b219552afbdedffc075564012214686b4ed85a748ee3e5c3b835ce6f46dbffc2,b219552afbdedffc075564012214686b4ed85a748ee3e5c3b835ce6f46dbffc2,match
forall_sol_xhigh_codex,467,reviewed_accepted,accepted,reviewed_result,original_pass,2,,,2ccd4e658924699dc8e48ff3eedfca87095d6aea251d7f5c5a576cdfd6de1b1a,2ccd4e658924699dc8e48ff3eedfca87095d6aea251d7f5c5a576cdfd6de1b1a,match
forall_sol_xhigh_codex,468,reviewed_accepted,accepted,reviewed_result,original_pass,1,,,ef046d83688e294ae05c2096ee7b537ba7b0ba44f863ea45e104cfaca5cab115,ef046d83688e294ae05c2096ee7b537ba7b0ba44f863ea45e104cfaca5cab115,match
forall_sol_xhigh_codex,469,reviewed_accepted,accepted,reviewed_result,original_pass,1,,,bd57a429543656a87528c69d70ff85931c36ba5006ed5b31a533170bcdd6f0a3,bd57a429543656a87528c69d70ff85931c36ba5006ed5b31a533170bcdd6f0a3,match
forall_sol_xhigh_codex,471,reviewed_accepted,accepted,reviewed_result,original_pass,1,,,8ce2fe6815efd10ae71bd158e1b1bc273a66b6875f8470fe7bec98ac70c5b159,8ce2fe6815efd10ae71bd158e1b1bc273a66b6875f8470fe7bec98ac70c5b159,match
forall_sol_xhigh_codex,472,reviewed_accepted,accepted,reviewed_result,original_pass,1,,,b03a887cbe5093d792ed40f01c52eeef88945040b2de076e14d4d8d9e1c3a60e,b03a887cbe5093d792ed40f01c52eeef88945040b2de076e14d4d8d9e1c3a60e,match
forall_sol_xhigh_codex,473,reviewed_accepted,accepted,reviewed_result,original_pass,1,,,ddccbc85d9b1f3a024a68cfdb210804c0df9153379346049581eb5becd2d02d0,ddccbc85d9b1f3a024a68cfdb210804c0df9153379346049581eb5becd2d02d0,match
opencode_sol_low,4,reviewed_accepted,accepted,reviewed_result,retained_run,2,,,4b4c12ce3b83d50c26175a19ff81cb37dea7d09cfe4fbb6bcc336fb2f1b4146b,4b4c12ce3b83d50c26175a19ff81cb37dea7d09cfe4fbb6bcc336fb2f1b4146b,match
opencode_sol_low,5,reviewed_accepted,accepted,reviewed_result,retained_run,1,,,b6ef06967f202d1537de0f78ae83863f2a76736e60feda124d57a72914f956dd,b6ef06967f202d1537de0f78ae83863f2a76736e60feda124d57a72914f956dd,match
opencode_sol_low,14,reviewed_accepted,accepted,reviewed_result,retained_run,1,,,8c3398a3b7b6cf405e07c41fc637b348083df25c9db73a3828dd7a246831daeb,8c3398a3b7b6cf405e07c41fc637b348083df25c9db73a3828dd7a246831daeb,match
opencode_sol_low,15,reviewed_accepted,accepted,reviewed_result,retained_run,3,,,a39544d3f9c97b6e174be899e289a26c368c203d247e64628606bb441fce0087,a39544d3f9c97b6e174be899e289a26c368c203d247e64628606bb441fce0087,match
opencode_sol_low,29,review_exhausted,not_accepted,reviewed_result,retained_run,3,,,fe27f227deb430bc3b2162a48c39c467163e204b9633573c3a61d47de7c1d83f,fe27f227deb430bc3b2162a48c39c467163e204b9633573c3a61d47de7c1d83f,match
opencode_sol_low,121,reviewed_accepted,accepted,reviewed_result,retained_run,2,,,7b7d40f73b8b0cd93780947440c13409c5aa1cf4948d8f18484b2ed2ef7e7cd2,7b7d40f73b8b0cd93780947440c13409c5aa1cf4948d8f18484b2ed2ef7e7cd2,match
opencode_sol_low,122,review_exhausted,not_accepted,reviewed_result,retained_run,3,,,d4aeb8852a54ae92ca15cd5add39205de36cee262d185164bf00166289888a52,d4aeb8852a54ae92ca15cd5add39205de36cee262d185164bf00166289888a52,match
opencode_sol_low,123,reviewed_accepted,accepted,reviewed_result,retained_run,1,,,056fa78e397df6e992a5969ac36464e2f6cfde05a61a3cc64962c7d62ba1f195,056fa78e397df6e992a5969ac36464e2f6cfde05a61a3cc64962c7d62ba1f195,match
opencode_sol_low,124,reviewed_accepted,accepted,reviewed_result,retained_run,1,,,c48ec88046cac288ebf2adbbe9679c85f8b5914475c0151856f4a294c513db89,c48ec88046cac288ebf2adbbe9679c85f8b5914475c0151856f4a294c513db89,match
opencode_sol_low,125,reviewed_accepted,accepted,reviewed_result,retained_run,2,,,0dbd1f1c715491365706a2a864377629851100696df4bbede0231ce1109e0f8b,0dbd1f1c715491365706a2a864377629851100696df4bbede0231ce1109e0f8b,match
opencode_sol_low,126,review_exhausted,not_accepted,reviewed_result,retained_run,3,,,435464c1453ebd167f58e8fff9c9d6e3c4ffa689e20dd3bcb24e38bf398a9de9,435464c1453ebd167f58e8fff9c9d6e3c4ffa689e20dd3bcb24e38bf398a9de9,match
opencode_sol_low,127,review_exhausted,not_accepted,reviewed_result,retained_run,3,,,64a77db9fe5ef78489957fac6296c77e11a0624b94dda83c7c3ead46c4a4d604,64a77db9fe5ef78489957fac6296c77e11a0624b94dda83c7c3ead46c4a4d604,match
opencode_sol_low,128,review_exhausted,not_accepted,reviewed_result,retained_run,3,,,d2967163a396b91f33aec680bfe1e404fa4117a9eb184585c721bc391ea2c790,d2967163a396b91f33aec680bfe1e404fa4117a9eb184585c721bc391ea2c790,match
opencode_sol_low,129,review_exhausted,not_accepted,reviewed_result,retained_run,3,,,852af1f9fd2b5afefd5c4a772588ae504c215f6321b245405c414ba2c4cb5eeb,852af1f9fd2b5afefd5c4a772588ae504c215f6321b245405c414ba2c4cb5eeb,match
opencode_sol_low,131,reviewed_accepted,accepted,reviewed_result,retained_run,1,,,c2f9752690574298af78cd4e228dbb01c94e0487c1b9f7b95cf418062793f6eb,c2f9752690574298af78cd4e228dbb01c94e0487c1b9f7b95cf418062793f6eb,match
opencode_sol_low,132,review_exhausted,not_accepted,reviewed_result,retained_run,3,,,fa82e206dc1354613bb9766a4e80f61d46e08f39b7f37dceea60b3b9b17a8a41,fa82e206dc1354613bb9766a4e80f61d46e08f39b7f37dceea60b3b9b17a8a41,match
opencode_sol_low,133,reviewed_accepted,accepted,reviewed_result,retained_run,2,,,e59fec142cd57871db322aac3167040cd8909775acc41412f613ae0d0e90a07b,e59fec142cd57871db322aac3167040cd8909775acc41412f613ae0d0e90a07b,match
opencode_sol_low,134,review_exhausted,not_accepted,reviewed_result,retained_run,3,,,186b0c2d01cd63cab9238c10c5e8327612e8e2524d5dde9ce79768c8b9b0a7ee,186b0c2d01cd63cab9238c10c5e8327612e8e2524d5dde9ce79768c8b9b0a7ee,match
opencode_sol_low,135,reviewed_accepted,accepted,reviewed_result,retained_run,1,,,c9710a60f31d6af06c6edf791b60c1502d069eda4b8b322b159b7b0136f05ffa,c9710a60f31d6af06c6edf791b60c1502d069eda4b8b322b159b7b0136f05ffa,match
opencode_sol_low,136,review_exhausted,not_accepted,reviewed_result,retained_run,3,,,273666d563a5bacbf95cd5761fa1432cc815120a33a3c07c297e19e9f5e4f8cc,273666d563a5bacbf95cd5761fa1432cc815120a33a3c07c297e19e9f5e4f8cc,match
opencode_sol_low,137,reviewed_accepted,accepted,reviewed_result,retained_run,2,,,5ad1a7f0befb1e0c372bd0c426e6f4a96e12e7a579b6b971d57acee6d1924712,5ad1a7f0befb1e0c372bd0c426e6f4a96e12e7a579b6b971d57acee6d1924712,match
opencode_sol_low,138,review_exhausted,not_accepted,reviewed_result,retained_run,3,,,9bb3ef3b7d2e577d56b04cad2489a9bec1bbf0a5360f2feeaab783dea2828e78,9bb3ef3b7d2e577d56b04cad2489a9bec1bbf0a5360f2feeaab783dea2828e78,match
opencode_sol_low,139,reviewed_accepted,accepted,reviewed_result,retained_run,2,,,76e8bb1d7b9629e9d8683f059d08da395328a6c5c1bb5b7b6fca66f95d441d5e,76e8bb1d7b9629e9d8683f059d08da395328a6c5c1bb5b7b6fca66f95d441d5e,match
opencode_sol_low,140,review_exhausted,not_accepted,reviewed_result,retained_run,3,,,3fc10dd42464c7e6fee0b1e2091579d0b37ec31f44177cf31047ae6b3c831045,3fc10dd42464c7e6fee0b1e2091579d0b37ec31f44177cf31047ae6b3c831045,match
opencode_sol_low,141,reviewed_accepted,accepted,reviewed_result,retained_run,2,,,1a8a0f6d988f2778d143a88047ac04c91bf76e0c9c50c67d521d42df2ff3acf3,1a8a0f6d988f2778d143a88047ac04c91bf76e0c9c50c67d521d42df2ff3acf3,match
opencode_sol_low,142,reviewed_accepted,accepted,reviewed_result,retained_run,1,,,4ffec9ca4e80c94b2d8ea439950bcd276ad5d273d1c5fde0a92c086d449ad347,4ffec9ca4e80c94b2d8ea439950bcd276ad5d273d1c5fde0a92c086d449ad347,match
opencode_sol_low,143,reviewed_accepted,accepted,reviewed_result,retained_run,1,,,ab144254af4acdfd89ade6394530999deb93679753e82446df4df8158bf11887,ab144254af4acdfd89ade6394530999deb93679753e82446df4df8158bf11887,match
opencode_sol_low,144,reviewed_accepted,accepted,reviewed_result,retained_run,1,,,d667a74bd84f34f6cf4183f9d00cd767bfa45fc62ccf8572b46d721bacb32716,d667a74bd84f34f6cf4183f9d00cd767bfa45fc62ccf8572b46d721bacb32716,match
opencode_sol_low,145,review_exhausted,not_accepted,reviewed_result,retained_run,3,,,ac2a8dd79b8f6c11428b32c72f98a6b3840bc2d9b4ed737a11966f97b5ca4bf3,ac2a8dd79b8f6c11428b32c72f98a6b3840bc2d9b4ed737a11966f97b5ca4bf3,match
opencode_sol_low,146,reviewed_accepted,accepted,reviewed_result,retained_run,1,,,0813aeb6292b2dc517f6d8ad854d307d6e3fabf1e9b857ffb91aa5887d8918b7,0813aeb6292b2dc517f6d8ad854d307d6e3fabf1e9b857ffb91aa5887d8918b7,match
opencode_sol_low,147,review_exhausted,not_accepted,reviewed_result,retained_run,3,,,189d83943d53eb71530c5e670048d3e0b8d2f0971ead4a6d5de18027546ecd29,189d83943d53eb71530c5e670048d3e0b8d2f0971ead4a6d5de18027546ecd29,match
opencode_sol_low,148,reviewed_accepted,accepted,reviewed_result,retained_run,1,,,0a601f5876e55b1f921d9681998a8bb2266779302e7a22b3fea33f538801a007,0a601f5876e55b1f921d9681998a8bb2266779302e7a22b3fea33f538801a007,match
opencode_sol_low,149,reviewed_accepted,accepted,reviewed_result,retained_run,1,,,dba905de8270063268fd1be5fa249e4cd1fbfd729ad2626c0244827c43ef5276,dba905de8270063268fd1be5fa249e4cd1fbfd729ad2626c0244827c43ef5276,match
opencode_sol_low,150,reviewed_accepted,accepted,reviewed_result,retained_run,1,,,7c9c07df300c9a175e3290098901a87d85b3d68517ddcfbe5049aaf27d118642,7c9c07df300c9a175e3290098901a87d85b3d68517ddcfbe5049aaf27d118642,match
opencode_sol_low,152,reviewed_accepted,accepted,reviewed_result,retained_run,1,,,d5c2500c117bbc2ae20462835636fc3fb08f9f0e8e1c9f32ffeb450a86e6238d,d5c2500c117bbc2ae20462835636fc3fb08f9f0e8e1c9f32ffeb450a86e6238d,match
opencode_sol_low,153,review_exhausted,not_accepted,reviewed_result,retained_run,3,,,4d11778dda41312b258fb7e475fbe4b1cbc9f5916fb9fe7e8593a1b3e6b55f6f,4d11778dda41312b258fb7e475fbe4b1cbc9f5916fb9fe7e8593a1b3e6b55f6f,match
opencode_sol_low,154,reviewed_accepted,accepted,reviewed_result,retained_run,2,,,1b470994142f8ae1a3ae855bc7c1549be912f83557b6615449282b61ad44c6fa,1b470994142f8ae1a3ae855bc7c1549be912f83557b6615449282b61ad44c6fa,match
opencode_sol_low,155,review_exhausted,not_accepted,reviewed_result,retained_run,3,,,0269df3a9aaa7a3ffa1796c224e75fe1d2a5dfe05641a662ed0eeb0df5e73679,0269df3a9aaa7a3ffa1796c224e75fe1d2a5dfe05641a662ed0eeb0df5e73679,match
opencode_sol_low,156,reviewed_accepted,accepted,reviewed_result,retained_run,1,,,323b2b6b890e801d789afc815a74f32607891aa603c20e7beef9a5ba24c61a25,323b2b6b890e801d789afc815a74f32607891aa603c20e7beef9a5ba24c61a25,match
opencode_sol_low,157,review_exhausted,not_accepted,reviewed_result,retained_run,3,,,a4f5a37432fb89884717eab2d3ae6bc00b14dae7416b8dde836dbcbd4559581b,a4f5a37432fb89884717eab2d3ae6bc00b14dae7416b8dde836dbcbd4559581b,match
opencode_sol_low,158,reviewed_accepted,accepted,reviewed_result,retained_run,3,,,d40778dd98afb8f8051067e5894d64534792be5b89c0fd315f929676f7b13be3,d40778dd98afb8f8051067e5894d64534792be5b89c0fd315f929676f7b13be3,match
opencode_sol_low,159,review_exhausted,not_accepted,reviewed_result,retained_run,3,,,01b16d5af8bcb5c7890ff2963d0cb9c00f53940c767e5dff997c6551814b49dc,01b16d5af8bcb5c7890ff2963d0cb9c00f53940c767e5dff997c6551814b49dc,match
opencode_sol_low,160,reviewed_accepted,accepted,reviewed_result,retained_run,1,,,f34fea4e29880ff24fe7d9e5fc1f50013b8fb41afa8879ead0c2b9147f477550,f34fea4e29880ff24fe7d9e5fc1f50013b8fb41afa8879ead0c2b9147f477550,match
opencode_sol_low,161,reviewed_accepted,accepted,reviewed_result,retained_run,2,,,d75053f4fc235ddfebf4b487ce23c71047c99bf33cab2c586a8e58bdacf38dde,d75053f4fc235ddfebf4b487ce23c71047c99bf33cab2c586a8e58bdacf38dde,match
opencode_sol_low,163,reviewed_accepted,accepted,reviewed_result,retained_run,1,,,8f172536ce433cc086386e6bea45611b5d61558bf76d6a899982db0c5f9f02a2,8f172536ce433cc086386e6bea45611b5d61558bf76d6a899982db0c5f9f02a2,match
opencode_sol_low,164,review_exhausted,not_accepted,reviewed_result,retained_run,3,,,e41fb263abd1ea13c9bc707c0b68a5f707efcd6cf91dde837e8d9cecfa831673,e41fb263abd1ea13c9bc707c0b68a5f707efcd6cf91dde837e8d9cecfa831673,match
opencode_sol_low,165,review_exhausted,not_accepted,reviewed_result,retained_run,3,,,bdeb3342ad3e8ef16227b1eabe37bc5b100f38e0a2fc046be8a1dc5531c87d3e,bdeb3342ad3e8ef16227b1eabe37bc5b100f38e0a2fc046be8a1dc5531c87d3e,match
opencode_sol_low,168,reviewed_accepted,accepted,reviewed_result,retained_run,1,,,e042b8f8bb90cdf269abc1995327160870ebaff7ccc10b6a3d2ed5c487683e24,e042b8f8bb90cdf269abc1995327160870ebaff7ccc10b6a3d2ed5c487683e24,match
opencode_sol_low,169,reviewed_accepted,accepted,reviewed_result,retained_run,3,,,0d66dc216f1715e36a2dae3e70232090e37a59afb20f50872d47b0c9e3ab70b7,0d66dc216f1715e36a2dae3e70232090e37a59afb20f50872d47b0c9e3ab70b7,match
opencode_sol_low,171,reviewed_accepted,accepted,reviewed_result,retained_run,1,,,840798aa5975d3edb096fd2401181db24b04391c97e283b943ce33846f3a9e70,840798aa5975d3edb096fd2401181db24b04391c97e283b943ce33846f3a9e70,match
opencode_sol_low,176,review_exhausted,not_accepted,reviewed_result,retained_run,3,,,687a3f0d2f37e858f7b14892d11616109be4da8b1d35f086c562554b623b2441,687a3f0d2f37e858f7b14892d11616109be4da8b1d35f086c562554b623b2441,match
opencode_sol_low,178,reviewed_accepted,accepted,reviewed_result,retained_run,2,,,bd9adf2918b179071ba4d20295f7542ffa0922cbe5b5041b852247aaf26847ca,bd9adf2918b179071ba4d20295f7542ffa0922cbe5b5041b852247aaf26847ca,match
opencode_sol_low,194,reviewed_accepted,accepted,reviewed_result,retained_run,3,,,1e8e0dc572f3375315ada745d8455df9811fb536bf7885f06d325cd1757bac53,1e8e0dc572f3375315ada745d8455df9811fb536bf7885f06d325cd1757bac53,match
opencode_sol_low,222,reviewed_accepted,accepted,reviewed_result,retained_run,1,,,9247ed42d0a2c8649142298ca1153831923d117ef79ba30ebe1fe4f175711c16,9247ed42d0a2c8649142298ca1153831923d117ef79ba30ebe1fe4f175711c16,match
opencode_sol_low,245,reviewed_accepted,accepted,reviewed_result,retained_run,2,,,25a796f2451a27355b2568fc86514f31f8dcbaf633fb8274f187c203509e98d6,25a796f2451a27355b2568fc86514f31f8dcbaf633fb8274f187c203509e98d6,match
opencode_sol_low,246,reviewed_accepted,accepted,reviewed_result,retained_run,1,,,1d09f7e1d95eb4692533bfeabb36fb97971ab2d8b4185f2966b225b7c7ca11e3,1d09f7e1d95eb4692533bfeabb36fb97971ab2d8b4185f2966b225b7c7ca11e3,match
opencode_sol_low,247,reviewed_accepted,accepted,reviewed_result,retained_run,1,,,cc99d85d02e8c1cdb5219d47c5fc97348fc95e777e3a1f3f39c80051f3bf327d,cc99d85d02e8c1cdb5219d47c5fc97348fc95e777e3a1f3f39c80051f3bf327d,match
opencode_sol_low,249,reviewed_accepted,accepted,reviewed_result,retained_run,2,,,aab2d481ed4d7f1e50b0dca55b2ad6abc57e2e99dc5eefea0a71ec00cd2fffbd,aab2d481ed4d7f1e50b0dca55b2ad6abc57e2e99dc5eefea0a71ec00cd2fffbd,match
opencode_sol_low,250,reviewed_accepted,accepted,reviewed_result,retained_run,1,,,7ccc53f90617bb6f39ce4394cf3177da66b2a3594ba008af62441db8fb834c73,7ccc53f90617bb6f39ce4394cf3177da66b2a3594ba008af62441db8fb834c73,match
opencode_sol_low,265,review_exhausted,not_accepted,reviewed_result,retained_run,3,,,16ca167705c544b0b1e8aadb0f0b635f71755b0ee16eb00fa37b1183c9d6a2ae,16ca167705c544b0b1e8aadb0f0b635f71755b0ee16eb00fa37b1183c9d6a2ae,match
opencode_sol_low,266,review_exhausted,not_accepted,reviewed_result,retained_run,3,,,ef0d859d297f8d0f80aa1d6098a8d99534b6a3e934b5646866a6f03ef278904d,ef0d859d297f8d0f80aa1d6098a8d99534b6a3e934b5646866a6f03ef278904d,match
opencode_sol_low,268,review_exhausted,not_accepted,reviewed_result,retained_run,3,,,723eea6cfa326898acb2a8b7f7e167255b0d001078840999e1ba508035ea20b1,723eea6cfa326898acb2a8b7f7e167255b0d001078840999e1ba508035ea20b1,match
opencode_sol_low,271,reviewed_accepted,accepted,reviewed_result,retained_run,2,,,551c8358f86db3801049baf10115e48b9bd7e7a0363b0519895ad205862c2af6,551c8358f86db3801049baf10115e48b9bd7e7a0363b0519895ad205862c2af6,match
opencode_sol_low,272,reviewed_accepted,accepted,reviewed_result,retained_run,1,,,7167f8b47888e8d8d72116f5fe58d91430079b1999fa367dba9e1d2fb75858b6,7167f8b47888e8d8d72116f5fe58d91430079b1999fa367dba9e1d2fb75858b6,match
opencode_sol_low,273,review_exhausted,not_accepted,reviewed_result,retained_run,3,,,02eed0712e29e4b30eea0c054ac42fda293dcebce1e6d75afbe7ebac3304c2b8,02eed0712e29e4b30eea0c054ac42fda293dcebce1e6d75afbe7ebac3304c2b8,match
opencode_sol_low,274,review_exhausted,not_accepted,reviewed_result,retained_run,3,,,984b1562ff4f898d0fea4377fef0349981c8db2fc668bf600fadced1e05c67e4,984b1562ff4f898d0fea4377fef0349981c8db2fc668bf600fadced1e05c67e4,match
opencode_sol_low,275,reviewed_accepted,accepted,reviewed_result,retained_run,1,,,cfa5db0ad88b9856b03dfa27ee441a0e7df5199e429e17c462d0397ca201a209,cfa5db0ad88b9856b03dfa27ee441a0e7df5199e429e17c462d0397ca201a209,match
opencode_sol_low,277,review_exhausted,not_accepted,reviewed_result,retained_run,3,,,e98c808fae9a5ee51b60b1407022202e5c19563969f41abd5b40852a046c8816,e98c808fae9a5ee51b60b1407022202e5c19563969f41abd5b40852a046c8816,match
opencode_sol_low,281,review_exhausted,not_accepted,reviewed_result,retained_run,3,,,7b619d072ab9735708b35bf64dd30fc7d2f2ce7656b75e79f6643830c5241580,7b619d072ab9735708b35bf64dd30fc7d2f2ce7656b75e79f6643830c5241580,match
opencode_sol_low,356,reviewed_accepted,accepted,reviewed_result,retained_run,1,,,0dbcd367861415564ef51e3042737ee23d6018d860f319e1a6976aaccb8328a2,0dbcd367861415564ef51e3042737ee23d6018d860f319e1a6976aaccb8328a2,match
opencode_sol_low,357,review_exhausted,not_accepted,reviewed_result,retained_run,3,,,6ea8b038179669667fbef61489f24974337202359e5fc76bc84ff210317265dc,6ea8b038179669667fbef61489f24974337202359e5fc76bc84ff210317265dc,match
opencode_sol_low,359,reviewed_accepted,accepted,reviewed_result,retained_run,2,,,e786ad2de1543d4beae59e9fe0aaae5816984272dbff2b8dd81fc1a765238e10,e786ad2de1543d4beae59e9fe0aaae5816984272dbff2b8dd81fc1a765238e10,match
opencode_sol_low,361,review_exhausted,not_accepted,reviewed_result,retained_run,3,,,e2f39843165f557e419d59c85d4ddec187fddd7a4e50d16f5b5af02b0dc476f2,e2f39843165f557e419d59c85d4ddec187fddd7a4e50d16f5b5af02b0dc476f2,match
opencode_sol_low,378,reviewed_accepted,accepted,reviewed_result,retained_run,1,,,cfd6110dbff5eb53d9aa582a3340ab3b4bff31db27d3b360d21050f4f370c797,cfd6110dbff5eb53d9aa582a3340ab3b4bff31db27d3b360d21050f4f370c797,match
opencode_sol_low,381,reviewed_accepted,accepted,reviewed_result,retained_run,1,,,01a219017478731c90086f3c31ffe54225dc43b44d3b86c667d50272f60dbc5b,01a219017478731c90086f3c31ffe54225dc43b44d3b86c667d50272f60dbc5b,match
opencode_sol_low,392,reviewed_accepted,accepted,reviewed_result,retained_run,1,,,300b18b5e90cbc43a3139d3518f277576a07567e3d58405f3c5f859d05ba37c7,300b18b5e90cbc43a3139d3518f277576a07567e3d58405f3c5f859d05ba37c7,match
opencode_sol_low,396,reviewed_accepted,accepted,reviewed_result,retained_run,1,,,27080e02812cb124e865f7dd334d8c0d08e474b77f53055d5879726a9f1e7df9,27080e02812cb124e865f7dd334d8c0d08e474b77f53055d5879726a9f1e7df9,match
opencode_sol_low,444,review_exhausted,not_accepted,reviewed_result,retained_run,3,,,9185a5364a4e2afd29b995ee631205da2b72f56086fced0f9515a48ac0ca5688,9185a5364a4e2afd29b995ee631205da2b72f56086fced0f9515a48ac0ca5688,match
opencode_sol_low,445,reviewed_accepted,accepted,reviewed_result,retained_run,1,,,5ff1b918fb2e8feb11b85b9d8eb65bcfd5245df3071895ad012088a5605da3de,5ff1b918fb2e8feb11b85b9d8eb65bcfd5245df3071895ad012088a5605da3de,match
opencode_sol_low,446,reviewed_accepted,accepted,reviewed_result,retained_run,1,,,b6bd8bfa2c911edfde0203f712d0bfa46bf03377605cc75edd0ba236de4341ba,b6bd8bfa2c911edfde0203f712d0bfa46bf03377605cc75edd0ba236de4341ba,match
opencode_sol_low,447,review_exhausted,not_accepted,reviewed_result,retained_run,3,,,750e992b676cb7f69d4218090d3bddb9cae04c5bace97333e833fe97e7e0dcf9,750e992b676cb7f69d4218090d3bddb9cae04c5bace97333e833fe97e7e0dcf9,match
opencode_sol_low,450,reviewed_accepted,accepted,reviewed_result,retained_run,3,,,c7b3f8f41148ace9d2e4cd9a06235fd7202fc1990078eae40c591a2612e9a0d0,c7b3f8f41148ace9d2e4cd9a06235fd7202fc1990078eae40c591a2612e9a0d0,match
opencode_sol_low,451,reviewed_accepted,accepted,reviewed_result,retained_run,3,,,bc5d5fe7c377498342a9110aae7ab9ccdbec67b9d1d74fb97937f38409c5e5e1,bc5d5fe7c377498342a9110aae7ab9ccdbec67b9d1d74fb97937f38409c5e5e1,match
opencode_sol_low,452,reviewed_accepted,accepted,reviewed_result,retained_run,1,,,aa57344981c862537754026f46f7a9c34dd58df747e91672309c5780e3fe6de0,aa57344981c862537754026f46f7a9c34dd58df747e91672309c5780e3fe6de0,match
opencode_sol_low,453,review_exhausted,not_accepted,reviewed_result,retained_run,3,,,b282e8fcd4248e9ff09038bd7cb0903d62068adc6e3fccdd3a9963a285660a13,b282e8fcd4248e9ff09038bd7cb0903d62068adc6e3fccdd3a9963a285660a13,match
opencode_sol_low,454,reviewed_accepted,accepted,reviewed_result,retained_run,2,,,5b667662a9a5b9cda7dcd487d097d9c97cd838453fb295dd665ad82ec5df960f,5b667662a9a5b9cda7dcd487d097d9c97cd838453fb295dd665ad82ec5df960f,match
opencode_sol_low,455,reviewed_accepted,accepted,reviewed_result,retained_run,1,,,3cffb02e269ec08e3f19de96c01fa5967e224cf8c76c04e7829b8a0f4318602e,3cffb02e269ec08e3f19de96c01fa5967e224cf8c76c04e7829b8a0f4318602e,match
opencode_sol_low,456,reviewed_accepted,accepted,reviewed_result,retained_run,1,,,421962f1e11a542b3e3cac35a2be438ec532afbe41b0a5f3782288f8859d60aa,421962f1e11a542b3e3cac35a2be438ec532afbe41b0a5f3782288f8859d60aa,match
opencode_sol_low,457,reviewed_accepted,accepted,reviewed_result,retained_run,1,,,c88d2aee39f9f1be4fae3228c558efab1baf496e89b4b1fa3b23c06d3eab3b1c,c88d2aee39f9f1be4fae3228c558efab1baf496e89b4b1fa3b23c06d3eab3b1c,match
opencode_sol_low,458,reviewed_accepted,accepted,reviewed_result,retained_run,1,,,2495cf9f112332c57cffe1185b326410f5e94e1a3d75246c0d7e4a6324d6958e,2495cf9f112332c57cffe1185b326410f5e94e1a3d75246c0d7e4a6324d6958e,match
opencode_sol_low,459,reviewed_accepted,accepted,reviewed_result,retained_run,3,,,0cc630dcab3070a7e072891c5397fbaa1b41935d03264cffb9aff0ef68c3e26c,0cc630dcab3070a7e072891c5397fbaa1b41935d03264cffb9aff0ef68c3e26c,match
opencode_sol_low,460,reviewed_accepted,accepted,reviewed_result,retained_run,3,,,2a0e456c8f1ee35498eb261669c28097e6a2dcfa68ef9e47ec728e1ba574ad7d,2a0e456c8f1ee35498eb261669c28097e6a2dcfa68ef9e47ec728e1ba574ad7d,match
opencode_sol_low,462,review_exhausted,not_accepted,reviewed_result,retained_run,3,,,b2ee71f2b887e8399f23c17d0e7cae457ff844f0df47237bd4c84495278312a8,b2ee71f2b887e8399f23c17d0e7cae457ff844f0df47237bd4c84495278312a8,match
opencode_sol_low,466,reviewed_accepted,accepted,reviewed_result,retained_run,1,,,265b9175cd42e7269c5dc2799b0c4fd5fc9debbd06f170de5dc3819f078dbb20,265b9175cd42e7269c5dc2799b0c4fd5fc9debbd06f170de5dc3819f078dbb20,match
opencode_sol_low,467,reviewed_accepted,accepted,reviewed_result,retained_run,1,,,f34c57acbea92fa80f24116f52eb08038652d0d44348ae25915f36f9c65dc9d3,f34c57acbea92fa80f24116f52eb08038652d0d44348ae25915f36f9c65dc9d3,match
opencode_sol_low,468,reviewed_accepted,accepted,reviewed_result,retained_run,1,,,df4b7374792048b82f20a98f2f512c155045b8699a0e48b02af574367ccbcc40,df4b7374792048b82f20a98f2f512c155045b8699a0e48b02af574367ccbcc40,match
opencode_sol_low,469,reviewed_accepted,accepted,reviewed_result,retained_run,1,,,9c0d8c919f4558abd66ec933e18a3e61a7b8fc908d15fe51e249c40992847e02,9c0d8c919f4558abd66ec933e18a3e61a7b8fc908d15fe51e249c40992847e02,match
opencode_sol_low,471,reviewed_accepted,accepted,reviewed_result,retained_run,1,,,8ce2fe6815efd10ae71bd158e1b1bc273a66b6875f8470fe7bec98ac70c5b159,8ce2fe6815efd10ae71bd158e1b1bc273a66b6875f8470fe7bec98ac70c5b159,match
opencode_sol_low,472,reviewed_accepted,accepted,reviewed_result,retained_run,1,,,96f09c08b8b37f7f01b4204c78c6a8f208127304958f2d5d4f3073e3dc16b45f,96f09c08b8b37f7f01b4204c78c6a8f208127304958f2d5d4f3073e3dc16b45f,match
opencode_sol_low,473,reviewed_accepted,accepted,reviewed_result,retained_run,1,,,2bc06f908e326700fec15384f73928069b9c38285a858c24bc712828d65982bf,2bc06f908e326700fec15384f73928069b9c38285a858c24bc712828d65982bf,match
forall_sol_low_opencode,4,reviewed_accepted,accepted,reviewed_result,retained_run,1,,158.4,a42879791cb4b74abc0993b08d5123bc3d4cf1a7493fe224b3d4bce658b9a111,a42879791cb4b74abc0993b08d5123bc3d4cf1a7493fe224b3d4bce658b9a111,match
forall_sol_low_opencode,5,reviewed_accepted,accepted,reviewed_result,retained_run,2,,174.1,eedaa840a6b4f3cfd04607f8a3b4bc11b8e0bb9fdacbd50a7e744098f2deac8c,eedaa840a6b4f3cfd04607f8a3b4bc11b8e0bb9fdacbd50a7e744098f2deac8c,match
forall_sol_low_opencode,14,reviewed_accepted,accepted,reviewed_result,retained_run,1,,110.7,3b8ee42609cdf743024ed8373fb656c53a030695ce11514144fbbcbd7bd3da63,3b8ee42609cdf743024ed8373fb656c53a030695ce11514144fbbcbd7bd3da63,match
forall_sol_low_opencode,15,reviewed_accepted,accepted,reviewed_result,retained_run,2,,280.4,c7370f6e9784478f9a5d99fbf2aeca39e603654713d6320be8debb953985a6cd,c7370f6e9784478f9a5d99fbf2aeca39e603654713d6320be8debb953985a6cd,match
forall_sol_low_opencode,29,reviewed_accepted,accepted,reviewed_result,retained_run,1,,163.1,bfb9a67f517b5ae586232113c4299e4a6e50bb3698d33fcc61d26f2ecba1ee53,bfb9a67f517b5ae586232113c4299e4a6e50bb3698d33fcc61d26f2ecba1ee53,match
forall_sol_low_opencode,121,review_exhausted,not_accepted,reviewed_result,retained_run,3,,261.7,8b0f7e593897d3b241a5687d529c08446fcd73667a14ac7503cdaea817bef1a9,8b0f7e593897d3b241a5687d529c08446fcd73667a14ac7503cdaea817bef1a9,match
forall_sol_low_opencode,122,review_exhausted,not_accepted,reviewed_result,retained_run,3,,391.1,cbcd12bd843e4e1bb1c091e4b594c5ff49a824bafbeac7dfde2ef6beef048d95,cbcd12bd843e4e1bb1c091e4b594c5ff49a824bafbeac7dfde2ef6beef048d95,match
forall_sol_low_opencode,123,reviewed_accepted,accepted,reviewed_result,retained_run,1,,98.5,3d05c1eca48ffef9f3f9a6ec10f71c1219c643e572732d4236cd2b06846b0006,3d05c1eca48ffef9f3f9a6ec10f71c1219c643e572732d4236cd2b06846b0006,match
forall_sol_low_opencode,124,reviewed_accepted,accepted,reviewed_result,retained_run,1,,61.2,6b75704a7d5edd6effe17d2786ddd9359cd046cbc546a0b538939a4e2b75b550,6b75704a7d5edd6effe17d2786ddd9359cd046cbc546a0b538939a4e2b75b550,match
forall_sol_low_opencode,125,reviewed_accepted,accepted,reviewed_result,retained_run,1,,110.9,6bcc0371f4d24269eb8ce789afee97e8925dfb1c38c63b7e586ecc92cd7bc06a,6bcc0371f4d24269eb8ce789afee97e8925dfb1c38c63b7e586ecc92cd7bc06a,match
forall_sol_low_opencode,126,reviewed_accepted,accepted,reviewed_result,retained_run,1,,130.2,9e9d929ff67cc2db3d33409843040b71901fe4d21af1c7008e7f23b0e2811e35,9e9d929ff67cc2db3d33409843040b71901fe4d21af1c7008e7f23b0e2811e35,match
forall_sol_low_opencode,127,review_exhausted,not_accepted,reviewed_result,retained_run,3,,317.4,6626444d7c9c826a9f3c547180c740f1af3f6f6d64d67c7b04581d91e331559a,6626444d7c9c826a9f3c547180c740f1af3f6f6d64d67c7b04581d91e331559a,match
forall_sol_low_opencode,128,review_exhausted,not_accepted,reviewed_result,retained_run,3,,277.6,4e83e1bbbe49ecbc3548f83492fa56f25907199542b93593af4962d87e368e7e,4e83e1bbbe49ecbc3548f83492fa56f25907199542b93593af4962d87e368e7e,match
forall_sol_low_opencode,129,review_exhausted,not_accepted,reviewed_result,retained_run,3,,286.8,addb88e2b17d7b0f8b0a9cd88d513466910534900ef7146778435a3c4926ae84,addb88e2b17d7b0f8b0a9cd88d513466910534900ef7146778435a3c4926ae84,match
forall_sol_low_opencode,131,reviewed_accepted,accepted,reviewed_result,retained_run,1,,89.0,c4c636583c70cec17d784df76006d38ca10bd5e8c5ab18fc22436266ccba45e8,c4c636583c70cec17d784df76006d38ca10bd5e8c5ab18fc22436266ccba45e8,match
forall_sol_low_opencode,132,review_exhausted,not_accepted,reviewed_result,retained_run,3,,276.1,c293099a2260af3d23f10b80344b02dae5a89884198dd8a3ec53ff24a5f2c173,c293099a2260af3d23f10b80344b02dae5a89884198dd8a3ec53ff24a5f2c173,match
forall_sol_low_opencode,133,reviewed_accepted,accepted,reviewed_result,retained_run,1,,110.4,9a13c760f6f1f3c14efe801fe30b3f01f374bb54f011922b47b27fbaa5c8e2fc,9a13c760f6f1f3c14efe801fe30b3f01f374bb54f011922b47b27fbaa5c8e2fc,match
forall_sol_low_opencode,134,reviewed_accepted,accepted,reviewed_result,retained_run,1,,134.6,bc7d55bf96d6464b7315cce3b015d663a7eaa2b59f976597de3584d6911e23d1,bc7d55bf96d6464b7315cce3b015d663a7eaa2b59f976597de3584d6911e23d1,match
forall_sol_low_opencode,135,reviewed_accepted,accepted,reviewed_result,retained_run,1,,129.5,d15120daaf084e7a7b576df9265280cb9b65858916a020e6daf8dbfcf1cc9b63,d15120daaf084e7a7b576df9265280cb9b65858916a020e6daf8dbfcf1cc9b63,match
forall_sol_low_opencode,136,reviewed_accepted,accepted,reviewed_result,retained_run,1,,126.5,17c8fcd3a59d610e79b6f872d96387bc0398dd0862fbff3c270ed3aa98e91254,17c8fcd3a59d610e79b6f872d96387bc0398dd0862fbff3c270ed3aa98e91254,match
forall_sol_low_opencode,137,reviewed_accepted,accepted,reviewed_result,retained_run,1,,54.8,8a1de9181280d178db1cc34548f4eac14a348c28d189ed87fb452df280ef7a40,8a1de9181280d178db1cc34548f4eac14a348c28d189ed87fb452df280ef7a40,match
forall_sol_low_opencode,138,reviewed_accepted,accepted,reviewed_result,retained_run,1,,117.5,d33fe30e37e432e965044bd1f183354cc7ff655d79f6405df3cd2f5fb8b21ab0,d33fe30e37e432e965044bd1f183354cc7ff655d79f6405df3cd2f5fb8b21ab0,match
forall_sol_low_opencode,139,review_exhausted,not_accepted,reviewed_result,retained_run,3,,199.7,6a74bbbb9fdaacdd53abe5bfe9286aea5dc287954016ccf0cc837c417143af98,6a74bbbb9fdaacdd53abe5bfe9286aea5dc287954016ccf0cc837c417143af98,match
forall_sol_low_opencode,140,review_exhausted,not_accepted,reviewed_result,retained_run,3,,197.3,270611fca6e142a5ca5fb703c8f35f0871efa84b95a26e74e94e8a6c6e9ebb11,270611fca6e142a5ca5fb703c8f35f0871efa84b95a26e74e94e8a6c6e9ebb11,match
forall_sol_low_opencode,141,reviewed_accepted,accepted,reviewed_result,retained_run,1,,65.0,c384435dd2432f11c5fb87166f7078b2bc92fdee775f71586c6b4582d12e0bce,c384435dd2432f11c5fb87166f7078b2bc92fdee775f71586c6b4582d12e0bce,match
forall_sol_low_opencode,142,reviewed_accepted,accepted,reviewed_result,retained_run,1,,61.4,3b742d4f12f23c4c0e012963b0de441052eefaa177c3505b599d0f440844696b,3b742d4f12f23c4c0e012963b0de441052eefaa177c3505b599d0f440844696b,match
forall_sol_low_opencode,143,reviewed_accepted,accepted,reviewed_result,retained_run,1,,58.4,61b19e763d243a43ddbd54c031eeaf55e6f6e7e4104843dd3c13b39d7d07c818,61b19e763d243a43ddbd54c031eeaf55e6f6e7e4104843dd3c13b39d7d07c818,match
forall_sol_low_opencode,144,reviewed_accepted,accepted,reviewed_result,retained_run,1,,128.6,87b5add85e8c0c23c9d7468914d6e25ab34c4ef9a059282fc212f7e8a0e95955,87b5add85e8c0c23c9d7468914d6e25ab34c4ef9a059282fc212f7e8a0e95955,match
forall_sol_low_opencode,145,review_exhausted,not_accepted,reviewed_result,retained_run,3,,453.5,591d5e2a18d7124604f14c4ea0b15f467983a9f3cce117a8d8e2ad73ce8ba571,591d5e2a18d7124604f14c4ea0b15f467983a9f3cce117a8d8e2ad73ce8ba571,match
forall_sol_low_opencode,146,reviewed_accepted,accepted,reviewed_result,retained_run,1,,95.4,53adaaa78618a1ce349d58efa9fb518ec8626ef7d1b1bf154817b63944cf240c,53adaaa78618a1ce349d58efa9fb518ec8626ef7d1b1bf154817b63944cf240c,match
forall_sol_low_opencode,147,review_exhausted,not_accepted,reviewed_result,retained_run,3,,239.3,6d5f8c2688375449379539820f671cbd4fc09edcb5b0e74bd620c94043bf957f,6d5f8c2688375449379539820f671cbd4fc09edcb5b0e74bd620c94043bf957f,match
forall_sol_low_opencode,148,reviewed_accepted,accepted,reviewed_result,retained_run,1,,54.8,b7a158f2924482b1002b7e0d4aa33e32eb2d419a73fa7b57e4687915c7f7de33,b7a158f2924482b1002b7e0d4aa33e32eb2d419a73fa7b57e4687915c7f7de33,match
forall_sol_low_opencode,149,reviewed_accepted,accepted,reviewed_result,retained_run,1,,113.3,9247427d7c71ad5a1855bc6aadab856e7a5b0c8621d8ced5bbf03c612222f00f,9247427d7c71ad5a1855bc6aadab856e7a5b0c8621d8ced5bbf03c612222f00f,match
forall_sol_low_opencode,150,reviewed_accepted,accepted,reviewed_result,retained_run,1,,108.2,f170d0ddf78bbdb89ad6c9f179d1adac2d7b85557e9a8681022079e84cff609d,f170d0ddf78bbdb89ad6c9f179d1adac2d7b85557e9a8681022079e84cff609d,match
forall_sol_low_opencode,152,reviewed_accepted,accepted,reviewed_result,retained_run,1,,174.1,3ec46c4587ef08cc6b981098c5e61f344b7ecba144a0c05139d725855ee6628a,3ec46c4587ef08cc6b981098c5e61f344b7ecba144a0c05139d725855ee6628a,match
forall_sol_low_opencode,153,review_exhausted,not_accepted,reviewed_result,retained_run,3,,255.6,04dfb668e9c8ddebc86d4c728b1810dde618e299dc2714da690035ca848d7307,04dfb668e9c8ddebc86d4c728b1810dde618e299dc2714da690035ca848d7307,match
forall_sol_low_opencode,154,reviewed_accepted,accepted,reviewed_result,retained_run,1,,69.0,0851be4150e75769a72f497488bb3ec90e69a93f2e05dbe24002a462c3fe166e,0851be4150e75769a72f497488bb3ec90e69a93f2e05dbe24002a462c3fe166e,match
forall_sol_low_opencode,155,reviewed_accepted,accepted,reviewed_result,retained_run,1,,468.9,064d9e001f096db7aa152ae2075a2ac238d483143244bf9ae2a386ed394dda91,064d9e001f096db7aa152ae2075a2ac238d483143244bf9ae2a386ed394dda91,match
forall_sol_low_opencode,156,reviewed_accepted,accepted,reviewed_result,retained_run,1,,53.5,1789ac370300a2531b3cd31ba2d005cbfdaebdb0b4338615015008740ba05440,1789ac370300a2531b3cd31ba2d005cbfdaebdb0b4338615015008740ba05440,match
forall_sol_low_opencode,157,review_exhausted,not_accepted,reviewed_result,retained_run,3,,334.9,60faf4566df2bcf805d90863504d7c3b8132d57098bf36de6b995bcc0b15df33,60faf4566df2bcf805d90863504d7c3b8132d57098bf36de6b995bcc0b15df33,match
forall_sol_low_opencode,158,reviewed_accepted,accepted,reviewed_result,retained_run,1,,136.5,c0ce09a7e4aae11cda95f1a84ef6736c927dd42718eab78b0baa529de15d38f8,c0ce09a7e4aae11cda95f1a84ef6736c927dd42718eab78b0baa529de15d38f8,match
forall_sol_low_opencode,159,review_exhausted,not_accepted,reviewed_result,retained_run,3,,323.7,b508c289c50a449b99547dc934f7384a812551339681133157cd62a2b225b18d,b508c289c50a449b99547dc934f7384a812551339681133157cd62a2b225b18d,match
forall_sol_low_opencode,160,reviewed_accepted,accepted,reviewed_result,retained_run,1,,46.3,f34fea4e29880ff24fe7d9e5fc1f50013b8fb41afa8879ead0c2b9147f477550,f34fea4e29880ff24fe7d9e5fc1f50013b8fb41afa8879ead0c2b9147f477550,match
forall_sol_low_opencode,161,reviewed_accepted,accepted,reviewed_result,retained_run,1,,221.4,f0750ec33210e38062e0cd59a7652a84872b3c4f4517d0720e8bb56a7e242a93,f0750ec33210e38062e0cd59a7652a84872b3c4f4517d0720e8bb56a7e242a93,match
forall_sol_low_opencode,163,reviewed_accepted,accepted,reviewed_result,retained_run,1,,148.8,7ffb864f7e9936577ef912a8558874daaf83ae263d0bc98ef2cc63fa95ee7f55,7ffb864f7e9936577ef912a8558874daaf83ae263d0bc98ef2cc63fa95ee7f55,match
forall_sol_low_opencode,164,reviewed_accepted,accepted,reviewed_result,retained_run,1,,196.8,e5585fc3d651cc32fbfd2d09c16b43342fc4652be53755de70334b0bb3331250,e5585fc3d651cc32fbfd2d09c16b43342fc4652be53755de70334b0bb3331250,match
forall_sol_low_opencode,165,review_exhausted,not_accepted,reviewed_result,retained_run,3,,298.8,1ef7f196d1f8557b063a31fe8c7a2daccd3566c8b38fee0eae0e76a763b451a1,1ef7f196d1f8557b063a31fe8c7a2daccd3566c8b38fee0eae0e76a763b451a1,match
forall_sol_low_opencode,168,reviewed_accepted,accepted,reviewed_result,retained_run,1,,123.6,1ea42e98dbbf3ac2da576e71e39c3794fa04a209a579d1d98b30187fa76baa14,1ea42e98dbbf3ac2da576e71e39c3794fa04a209a579d1d98b30187fa76baa14,match
forall_sol_low_opencode,169,reviewed_accepted,accepted,reviewed_result,retained_run,3,,251.7,7f1dae25f32afd526a48b5bed0e8c811fb5f9d66f80ae80e7abafc67eea84d55,7f1dae25f32afd526a48b5bed0e8c811fb5f9d66f80ae80e7abafc67eea84d55,match
forall_sol_low_opencode,171,reviewed_accepted,accepted,reviewed_result,retained_run,1,,88.2,aeff5aa7d580f49de7259f9d264fb72b1037670cf51546675db40a6f87657273,aeff5aa7d580f49de7259f9d264fb72b1037670cf51546675db40a6f87657273,match
forall_sol_low_opencode,176,review_exhausted,not_accepted,reviewed_result,retained_run,3,,320.9,4d87c3a04b23e4f1fa26a13a80053bfa4d67749feabc26fb4a7f383cff52fc83,4d87c3a04b23e4f1fa26a13a80053bfa4d67749feabc26fb4a7f383cff52fc83,match
forall_sol_low_opencode,178,review_exhausted,not_accepted,reviewed_result,retained_run,3,,287.0,ca2676b870492d1d26d9314b5161d3c6bb3a12d8f9fa6d4ffb9a47f417eefd6a,ca2676b870492d1d26d9314b5161d3c6bb3a12d8f9fa6d4ffb9a47f417eefd6a,match
forall_sol_low_opencode,194,reviewed_accepted,accepted,reviewed_result,retained_run,3,,257.3,d6b2c75aaf8be91690c7886e32b9d5fc121de76d7ca6c227aca1beabcba6c726,d6b2c75aaf8be91690c7886e32b9d5fc121de76d7ca6c227aca1beabcba6c726,match
forall_sol_low_opencode,222,reviewed_accepted,accepted,reviewed_result,retained_run,1,,88.8,ba0aa52e810aaf461521a44a255e33b87b368623b503fb3354ddb0a4f164829a,ba0aa52e810aaf461521a44a255e33b87b368623b503fb3354ddb0a4f164829a,match
forall_sol_low_opencode,245,review_exhausted,not_accepted,reviewed_result,retained_run,3,,220.0,7d99bc2f51bcccc6910f4d6d8c48eac9eeb1d8efabce96b56ceb13c154078917,7d99bc2f51bcccc6910f4d6d8c48eac9eeb1d8efabce96b56ceb13c154078917,match
forall_sol_low_opencode,246,reviewed_accepted,accepted,reviewed_result,retained_run,1,,159.9,8f5940009c4773f23a71e5d89a8d0ecbcc360ef0e29ec312589a567d0db90b5d,8f5940009c4773f23a71e5d89a8d0ecbcc360ef0e29ec312589a567d0db90b5d,match
forall_sol_low_opencode,247,reviewed_accepted,accepted,reviewed_result,retained_run,1,,96.1,992352be70324f0510b4fab184bd9834a30795c0af7c4e34918a43921038fe44,992352be70324f0510b4fab184bd9834a30795c0af7c4e34918a43921038fe44,match
forall_sol_low_opencode,249,reviewed_accepted,accepted,reviewed_result,retained_run,3,,226.5,313007b6c41c1083c34a67b79ac4f65a4950479382c6e07b20904c70f77b62b4,313007b6c41c1083c34a67b79ac4f65a4950479382c6e07b20904c70f77b62b4,match
forall_sol_low_opencode,250,reviewed_accepted,accepted,reviewed_result,retained_run,1,,68.0,819fca9e0de00a2dafd0dd3b97f895862d19c2cd65dfc733be7db70790367248,819fca9e0de00a2dafd0dd3b97f895862d19c2cd65dfc733be7db70790367248,match
forall_sol_low_opencode,265,reviewed_accepted,accepted,reviewed_result,retained_run,3,,184.3,320b97ae5380287264b1f7972b2a8948f80922f671ea79b97730e12f8f6184f8,320b97ae5380287264b1f7972b2a8948f80922f671ea79b97730e12f8f6184f8,match
forall_sol_low_opencode,266,review_exhausted,not_accepted,reviewed_result,retained_run,3,,457.7,734705ce997258afa558ffe4855311e2be102982070752940aff0814124559f4,734705ce997258afa558ffe4855311e2be102982070752940aff0814124559f4,match
forall_sol_low_opencode,268,review_exhausted,not_accepted,reviewed_result,retained_run,3,,185.8,ee7ed184b890e09113d541ec33508737616bc994e49237f4eafa017e5817ca5c,ee7ed184b890e09113d541ec33508737616bc994e49237f4eafa017e5817ca5c,match
forall_sol_low_opencode,271,reviewed_accepted,accepted,reviewed_result,retained_run,1,,70.3,84226cfd7a1189c7faed6b7d3e7d7c9a2ebcab57fad0cbb47b5a842fdfe3cbae,84226cfd7a1189c7faed6b7d3e7d7c9a2ebcab57fad0cbb47b5a842fdfe3cbae,match
forall_sol_low_opencode,272,reviewed_accepted,accepted,reviewed_result,retained_run,1,,110.1,1510486939374e56c083c8d0b9645d3ae1b83c77be9f59c0460562913060b3be,1510486939374e56c083c8d0b9645d3ae1b83c77be9f59c0460562913060b3be,match
forall_sol_low_opencode,273,reviewed_accepted,accepted,reviewed_result,retained_run,1,,78.4,1c3b01f67b2ff45534d83a232d7f426f3668a8a947b2f9c0dd808bfe0297ca39,1c3b01f67b2ff45534d83a232d7f426f3668a8a947b2f9c0dd808bfe0297ca39,match
forall_sol_low_opencode,274,reviewed_accepted,accepted,reviewed_result,retained_run,1,,205.7,c2cdcb8f4fd7a38504b8bcf2d01b949d79761f5f6d8f1e345a19301a18ece1bc,c2cdcb8f4fd7a38504b8bcf2d01b949d79761f5f6d8f1e345a19301a18ece1bc,match
forall_sol_low_opencode,275,reviewed_accepted,accepted,reviewed_result,retained_run,1,,41.1,6b541e519e050dd04aaab69da8944f0be8ddce197426fcc1d3ee11216ca1539d,6b541e519e050dd04aaab69da8944f0be8ddce197426fcc1d3ee11216ca1539d,match
forall_sol_low_opencode,277,review_exhausted,not_accepted,reviewed_result,retained_run,3,,243.2,75ed9f70bef54be33fe0f1dfebbb4bcbd6d0b73e533698502e2ec8d64a6ff056,75ed9f70bef54be33fe0f1dfebbb4bcbd6d0b73e533698502e2ec8d64a6ff056,match
forall_sol_low_opencode,281,review_exhausted,not_accepted,reviewed_result,retained_run,3,,184.1,60951b14c4a2cede7a55ec74f4af813b9e4db788db2c6a996e3fcb0466b408b8,60951b14c4a2cede7a55ec74f4af813b9e4db788db2c6a996e3fcb0466b408b8,match
forall_sol_low_opencode,356,review_exhausted,not_accepted,reviewed_result,retained_run,3,,292.6,cb37560ffe1b4cb8354a627160652c8761710ea5c7984bac601db38463bb15aa,cb37560ffe1b4cb8354a627160652c8761710ea5c7984bac601db38463bb15aa,match
forall_sol_low_opencode,357,review_exhausted,not_accepted,reviewed_result,retained_run,3,,298.8,84bf03e9dc6bcdc46391d2c3833865063a5ffd015a5b31ea966d728c798f1452,84bf03e9dc6bcdc46391d2c3833865063a5ffd015a5b31ea966d728c798f1452,match
forall_sol_low_opencode,359,review_exhausted,not_accepted,reviewed_result,retained_run,3,,170.9,112886eca757615b316bb76f0e8839e592b7678bafb889f36395e3f43e710a40,112886eca757615b316bb76f0e8839e592b7678bafb889f36395e3f43e710a40,match
forall_sol_low_opencode,361,review_exhausted,not_accepted,reviewed_result,retained_run,3,,218.1,351a60faa2d5e50fa8518e955830b991a841e0c14513925832e09c2eee558c43,351a60faa2d5e50fa8518e955830b991a841e0c14513925832e09c2eee558c43,match
forall_sol_low_opencode,378,reviewed_accepted,accepted,reviewed_result,retained_run,2,,232.0,caedc98cfcc6b8e78559cdb1739b8648387195f0bca5c140cd9a2374e56e6c9f,caedc98cfcc6b8e78559cdb1739b8648387195f0bca5c140cd9a2374e56e6c9f,match
forall_sol_low_opencode,381,reviewed_accepted,accepted,reviewed_result,retained_run,1,,124.5,93ef56bc4f453feda3effc23ea2819873efb0b0699b0f749d62716daabe97f3b,93ef56bc4f453feda3effc23ea2819873efb0b0699b0f749d62716daabe97f3b,match
forall_sol_low_opencode,392,reviewed_accepted,accepted,reviewed_result,retained_run,1,,69.8,070c39175b575267fc1a7b6d3e2da4fa7d48dcefb6131f7ee13b9416c5c86284,070c39175b575267fc1a7b6d3e2da4fa7d48dcefb6131f7ee13b9416c5c86284,match
forall_sol_low_opencode,396,reviewed_accepted,accepted,reviewed_result,retained_run,2,,2028.1,8744a031026175afd77772c561b9eba5e264bad5a777f11c533392572bd5ffcc,8744a031026175afd77772c561b9eba5e264bad5a777f11c533392572bd5ffcc,match
forall_sol_low_opencode,444,reviewed_accepted,accepted,reviewed_result,retained_run,3,,272.0,d365eae8b396f67d5c59af1308343081bdc7caf669decb23c64d33f8452a7ef2,d365eae8b396f67d5c59af1308343081bdc7caf669decb23c64d33f8452a7ef2,match
forall_sol_low_opencode,445,reviewed_accepted,accepted,reviewed_result,retained_run,1,,90.0,86e6356e9c43d2fb241b6b3c50ad3b5729297ec41eb25279e697d644ea606a51,86e6356e9c43d2fb241b6b3c50ad3b5729297ec41eb25279e697d644ea606a51,match
forall_sol_low_opencode,446,reviewed_accepted,accepted,reviewed_result,retained_run,1,,62.4,85bb871d64f3318bf55a79a1f27b0bb314eaa18475bc96bab91322bf0b9310f5,85bb871d64f3318bf55a79a1f27b0bb314eaa18475bc96bab91322bf0b9310f5,match
forall_sol_low_opencode,447,review_exhausted,not_accepted,reviewed_result,retained_run,3,,270.3,a651155f75ef0731dcb55b5a531b8d4a729d0b7311a0d1abc5913edbd38c8d93,a651155f75ef0731dcb55b5a531b8d4a729d0b7311a0d1abc5913edbd38c8d93,match
forall_sol_low_opencode,450,review_exhausted,not_accepted,reviewed_result,retained_run,3,,284.7,799aca556a8d2a65b2ae558c17fb7034424661821e24f2909e9686992769fee8,799aca556a8d2a65b2ae558c17fb7034424661821e24f2909e9686992769fee8,match
forall_sol_low_opencode,451,reviewed_accepted,accepted,reviewed_result,retained_run,1,,110.2,081e8935aac4fda750c9bee6562d902c6daef0a49cf85cbfbfab926720a6484c,081e8935aac4fda750c9bee6562d902c6daef0a49cf85cbfbfab926720a6484c,match
forall_sol_low_opencode,452,review_exhausted,not_accepted,reviewed_result,retained_run,3,,238.5,a9c32cde8eb89668d48f37620513bbf4360bcf107f89a9344c97a49646ece4cb,a9c32cde8eb89668d48f37620513bbf4360bcf107f89a9344c97a49646ece4cb,match
forall_sol_low_opencode,453,reviewed_accepted,accepted,reviewed_result,retained_run,2,,310.7,25edb730e22f7266920062c18b32025d3ded5c9f8a187c65a4abb8787f341507,25edb730e22f7266920062c18b32025d3ded5c9f8a187c65a4abb8787f341507,match
forall_sol_low_opencode,454,review_exhausted,not_accepted,reviewed_result,retained_run,3,,233.0,99e9dd640008a32203a5475a602e2e2a4d7d883b037d256361756154d0d56441,99e9dd640008a32203a5475a602e2e2a4d7d883b037d256361756154d0d56441,match
forall_sol_low_opencode,455,reviewed_accepted,accepted,reviewed_result,retained_run,1,,74.5,bb38235a58f8244cc67254194c20ce997f4dd818d1dbf2fb96182f12e916a5da,bb38235a58f8244cc67254194c20ce997f4dd818d1dbf2fb96182f12e916a5da,match
forall_sol_low_opencode,456,reviewed_accepted,accepted,reviewed_result,retained_run,1,,48.3,a9181b6f6a3e19e118bdfc6d2c4bbd9910a90bef2eecf3ccd19c425639d93e16,a9181b6f6a3e19e118bdfc6d2c4bbd9910a90bef2eecf3ccd19c425639d93e16,match
forall_sol_low_opencode,457,reviewed_accepted,accepted,reviewed_result,retained_run,1,,109.6,d82c4a183d98393baa48ed48c0715fad1e85b76751ad2e420df468a6a8817826,d82c4a183d98393baa48ed48c0715fad1e85b76751ad2e420df468a6a8817826,match
forall_sol_low_opencode,458,reviewed_accepted,accepted,reviewed_result,retained_run,1,,69.9,6531d146a5264ca195750d472137515adf2c23cd7a4464c9bfae5b950d88623e,6531d146a5264ca195750d472137515adf2c23cd7a4464c9bfae5b950d88623e,match
forall_sol_low_opencode,459,review_exhausted,not_accepted,reviewed_result,retained_run,3,,256.3,8bb93453ed8db707f68c67f752603c356f28b02963f5ca9e3555dc5d170b4c40,8bb93453ed8db707f68c67f752603c356f28b02963f5ca9e3555dc5d170b4c40,match
forall_sol_low_opencode,460,reviewed_accepted,accepted,reviewed_result,retained_run,2,,152.4,f167e83b6df1a53688eb50fc37b1f504e9467696fccd6f47d4b7efeee1413d05,f167e83b6df1a53688eb50fc37b1f504e9467696fccd6f47d4b7efeee1413d05,match
forall_sol_low_opencode,462,reviewed_accepted,accepted,reviewed_result,retained_run,1,,75.0,97bf769ec7695425de4cf85cd8c500299ceb5d93e3e3be5df70fb1013dec4441,97bf769ec7695425de4cf85cd8c500299ceb5d93e3e3be5df70fb1013dec4441,match
forall_sol_low_opencode,466,reviewed_accepted,accepted,reviewed_result,retained_run,1,,97.9,8748fc5cb30bfbfcbb5a60bdd6c6f160ebedba952fe17bf5aebf5d52d8b86aee,8748fc5cb30bfbfcbb5a60bdd6c6f160ebedba952fe17bf5aebf5d52d8b86aee,match
forall_sol_low_opencode,467,reviewed_accepted,accepted,reviewed_result,retained_run,1,,34.5,86613773ed35512a49348b6b3323db3e846c98746100e8473246c1cb336c58a5,86613773ed35512a49348b6b3323db3e846c98746100e8473246c1cb336c58a5,match
forall_sol_low_opencode,468,reviewed_accepted,accepted,reviewed_result,retained_run,1,,114.6,bc3e77f4904d7064c0921167de5d2a5e0ac8eb3b0db71c5dfa876d741d74e3bb,bc3e77f4904d7064c0921167de5d2a5e0ac8eb3b0db71c5dfa876d741d74e3bb,match
forall_sol_low_opencode,469,reviewed_accepted,accepted,reviewed_result,retained_run,1,,64.7,3bd7041c9e86fad2c62500a80fc3f02bd880df28e6802cf6bf1662a4d7510f17,3bd7041c9e86fad2c62500a80fc3f02bd880df28e6802cf6bf1662a4d7510f17,match
forall_sol_low_opencode,471,reviewed_accepted,accepted,reviewed_result,retained_run,1,,39.0,977bb34c6e2f4fb1bb694f4200131614ee46cea73108e3f4eebd0b5b3df3e02e,977bb34c6e2f4fb1bb694f4200131614ee46cea73108e3f4eebd0b5b3df3e02e,match
forall_sol_low_opencode,472,reviewed_accepted,accepted,reviewed_result,retained_run,1,,36.1,63434333610c2ab170167b8d51022dc299963a0aa9f14df08a0efb4c4a889149,63434333610c2ab170167b8d51022dc299963a0aa9f14df08a0efb4c4a889149,match
forall_sol_low_opencode,473,reviewed_accepted,accepted,reviewed_result,retained_run,1,,44.3,50191a460d0967f87c0c09983015037bbb995fcdd249461c89d243343531cc1f,50191a460d0967f87c0c09983015037bbb995fcdd249461c89d243343531cc1f,match
